price_inr,age_yr,mileage_km,transmission,color,engine_cc,seats,tank_size_l
515000,3,3395,Manual,Others,1086,5,35
610000,3,3800,Manual,White,998,4,55
625000,3,7000,Manual,Grey,1196,7,40
650000,3,6000,Manual,White,1197,5,37
700000,3,1000,Manual,White,1199,5,35
755000,3,2272,Manual,White,1197,5,37
795000,3,4000,Automatic,White,1197,5,37
800000,3,10000,Manual,White,1197,5,37
890000,3,7500,Manual,White,1199,5,37
950000,3,10000,Automatic,Bronze,1197,5,37
1000000,3,4000,Automatic,White,999,5,40
1050000,3,1500,Manual,Black,1199,5,44
1085000,3,3383,Manual,Blue,998,5,45
1095000,3,2700,Manual,Silver,1497,5,40
1097000,3,1700,Manual,White,1493,5,45
1195000,3,6200,Manual,Red,998,5,45
1225000,3,16000,Manual,Grey,1462,6,45
1390000,3,32000,Automatic,Brown,1498,5,40
1450000,3,2500,Manual,White,1498,5,40
1475000,3,9500,Manual,White,1497,5,50
1530000,3,2000,Automatic,Grey,1498,5,40
1550000,3,600,Manual,Orange,1498,5,48
1550000,3,12000,Manual,White,2179,7,60
1600000,3,1300,Manual,Red,999,5,50
1625000,3,27800,Manual,White,1493,5,50
1650000,3,10000,Automatic,Black,1997,4,57
1700000,3,8530,Automatic,White,1498,5,40
1700000,3,9000,Manual,Black,1493,5,50
1748999,3,2670,Automatic,White,1497,5,50
1750000,3,23000,Automatic,White,1353,5,50
1825000,3,11000,Automatic,Black,2184,4,57
1875000,3,15000,Automatic,Grey,2184,4,57
1875000,3,18000,Automatic,Black,1353,5,50
1911000,3,1300,Automatic,Black,1353,5,50
1925000,3,9355,Automatic,White,1497,5,50
1950000,3,4500,Automatic,Black,2184,4,57
1989999,3,5800,Automatic,White,1493,5,50
2275000,3,2000,Automatic,Green,1368,5,60
2275000,3,38000,Automatic,Black,1956,5,50
2400000,3,8000,Automatic,White,1493,7,50
2425000,3,11000,Automatic,Black,2393,7,55
2540000,3,18000,Automatic,White,2184,7,60
2598000,3,12050,Automatic,Black,2694,7,65
2750000,3,31000,Automatic,Black,2184,7,60
2765000,3,75,Automatic,Blue,1997,7,60
2850000,3,16000,Automatic,White,2393,7,55
3450000,3,4600,Automatic,Blue,1984,5,55
4100000,3,3826,Automatic,White,1950,5,43
4150000,3,22000,Automatic,White,1984,5,54
4151000,3,1,Automatic,Black,1984,5,54
4500000,3,17000,Automatic,White,1995,5,63
4700000,3,13120,Automatic,White,1998,5,51
4900000,3,5000,Automatic,White,1497,5,66
5100000,3,6000,Automatic,White,1998,5,57
5200000,3,0,Automatic,Yellow,1998,4,44
5300000,3,12500,Automatic,White,2148,5,66
5400000,3,4600,Automatic,White,2148,5,66
5651000,3,1,Automatic,Blue,1984,5,70
6100000,3,500,Automatic,Grey,1950,5,66
6100000,3,15000,Automatic,Red,1995,5,81
6390000,3,6000,Automatic,Grey,1995,5,65
6400000,3,5500,Automatic,White,1950,5,66
6680000,3,18223,Automatic,Blue,1998,5,60
6750000,3,7000,Automatic,Blue,1950,5,66
6800000,3,33000,Automatic,White,1995,5,67
6975000,3,2000,Automatic,White,1991,5,66
7100000,3,2500,Automatic,Grey,1991,5,80
7350000,3,17000,Automatic,Grey,1950,5,80
7780000,3,11000,Automatic,Black,1950,5,80
8100000,3,5500,Automatic,White,1950,5,66
9100000,3,9000,Automatic,Blue,1984,5,65
9200000,3,10000,Automatic,Blue,1950,5,93
9390000,3,14000,Automatic,White,1950,5,93
9400000,3,4500,Automatic,Black,2995,7,85
11500000,3,4000,Automatic,Black,2494,7,58
12500000,3,22010,Automatic,White,1997,5,104
16200000,3,2766,Automatic,Blue,2995,4,75
409999,4,13424,Manual,Silver,796,5,35
425000,4,38848,Manual,Silver,998,5,27
475000,4,7942,Manual,Red,998,5,27
480000,4,14000,Manual,Grey,796,5,35
551000,4,19000,Manual,White,1086,5,35
590000,4,8640,Manual,White,1196,5,40
625000,4,18000,Manual,Silver,998,5,35
625000,4,28000,Manual,White,999,5,40
636000,4,35500,Manual,White,1197,5,37
645000,4,1374,Manual,Grey,1196,5,40
661000,4,14366,Manual,Others,1197,5,37
675000,4,15000,Manual,White,998,5,60
685000,4,9232,Automatic,Blue,1197,5,37
715000,4,16000,Manual,Grey,1197,5,37
725000,4,45000,Manual,Grey,1197,5,60
745000,4,14722,Manual,White,1197,5,37
750000,4,58000,Manual,White,1197,5,37
765000,4,18105,Manual,Silver,1197,5,43
775000,4,24000,Automatic,Grey,1197,5,37
795000,4,9000,Automatic,Brown,1199,5,35
800000,4,13000,Automatic,White,999,5,40
825000,4,6600,Automatic,Blue,1197,5,37
825000,4,8499,Manual,Yellow,1197,5,37
825000,4,22000,Manual,Blue,1197,5,37
825000,4,43000,Manual,White,1493,5,37
849000,4,17283,Manual,White,1462,5,48
860000,4,11030,Manual,Blue,1197,5,37
869000,4,8700,Automatic,Brown,1199,5,35
894999,4,25000,Automatic,White,1197,5,37
925000,4,48000,Manual,White,1462,5,48
940000,4,35000,Manual,Maroon,1598,5,55
950000,4,24000,Manual,White,999,5,45
965000,4,27000,Manual,Black,1497,5,42
1044999,4,24000,Manual,Silver,1462,5,48
1050000,4,1910,Automatic,White,1462,5,48
1050000,4,5000,Manual,White,1248,5,43
1050000,4,7500,Manual,Blue,998,5,45
1070000,4,8800,Manual,White,998,5,45
1075000,4,12020,Automatic,White,1197,5,37
1080000,4,38000,Manual,White,1373,7,45
1175000,4,37556,Manual,White,1396,5,45
1185000,4,10700,Manual,White,998,5,45
1200000,4,37230,Manual,Grey,999,5,55
1225000,4,23000,Manual,White,1462,7,45
1245000,4,7239,Manual,White,1462,6,45
1245000,4,10530,Automatic,Red,998,5,37
1255000,4,10000,Manual,White,1497,5,40
1275000,4,30000,Automatic,White,1493,5,50
1299000,4,13400,Manual,White,1462,6,45
1325000,4,9900,Automatic,Blue,1591,5,43
1325000,4,20000,Manual,Maroon,998,5,45
1340000,4,11000,Automatic,Black,1497,5,40
1399000,4,11000,Manual,Silver,1497,5,50
1450000,4,13000,Automatic,Brown,1497,5,40
1475000,4,12000,Manual,Red,2184,4,57
1485000,4,13000,Automatic,Red,1493,5,45
1485000,4,36700,Manual,White,1497,8,45
1490000,4,11000,Manual,White,1498,5,40
1499000,4,22000,Automatic,Red,1493,5,45
1500000,4,8000,Manual,Red,1997,4,57
1500000,4,31000,Automatic,Silver,999,5,50
1520000,4,14000,Manual,Brown,1997,4,57
1525000,4,14000,Manual,Black,1497,5,50
1575000,4,8519,Manual,Blue,1997,4,57
1625000,4,7900,Automatic,Silver,999,5,50
1625000,4,16000,Automatic,Red,1353,5,50
1650000,4,12000,Manual,White,1493,5,50
1698999,4,37500,Manual,Brown,2184,4,57
1700000,4,3813,Manual,Red,1997,4,57
1700000,4,14000,Automatic,Black,2184,4,57
1700000,4,17000,Manual,Silver,2184,4,57
1710000,4,4400,Automatic,Black,1997,4,57
1748999,4,25700,Manual,Black,1368,5,60
1750000,4,14000,Manual,Black,1582,5,60
1750000,4,17000,Manual,Black,1582,5,60
1750000,4,26000,Manual,White,1493,7,50
1750000,4,33000,Automatic,Black,1451,5,60
1764999,4,1942,Automatic,Red,1498,5,48
1800000,4,14500,Manual,Grey,2184,4,57
1800000,4,17000,Manual,Black,2184,4,57
1825000,4,45000,Automatic,White,1353,5,50
1848999,4,20000,Manual,White,1493,7,50
1850000,4,23280,Manual,Red,1997,6,57
1875000,4,10000,Automatic,Red,1451,6,60
1875000,4,21000,Automatic,Grey,1493,5,50
1875000,4,28000,Manual,White,1956,7,50
1889999,4,17000,Automatic,White,1451,5,60
1925000,4,19000,Automatic,Silver,1451,6,60
1930000,4,15000,Manual,Black,1956,5,50
1975000,4,7000,Automatic,Grey,1353,5,50
1975000,4,18500,Manual,Red,1956,5,60
2095000,4,23000,Manual,Red,1956,5,50
2140000,4,24000,Automatic,Grey,1999,6,50
2200000,4,32000,Manual,Green,2179,7,63
2251000,4,30229,Automatic,White,1956,5,50
2395000,4,13594,Automatic,Blue,1956,6,50
2700000,4,17000,Automatic,Blue,1368,5,60
2750000,4,34228,Manual,White,2393,8,55
2950000,4,38000,Automatic,White,1956,5,60
3000000,4,38000,Automatic,Purple,2393,7,55
3100000,4,29000,Manual,White,2393,7,55
3195000,4,21651,Automatic,Blue,1798,5,66
3199000,4,6900,Automatic,Brown,1798,5,66
3325000,4,13092,Automatic,White,1984,5,66
3375000,4,25000,Automatic,Silver,1984,7,60
3500000,4,7900,Automatic,Black,1996,6,75
3875000,4,12000,Automatic,Green,1998,5,47
3900000,4,8000,Automatic,Black,1995,5,63
3900000,4,41086,Automatic,White,1996,7,80
3950000,4,40000,Automatic,Silver,1996,6,75
3975000,4,9400,Automatic,Black,1996,7,80
3990000,4,12500,Automatic,White,1998,5,51
4100000,4,9000,Automatic,Blue,1332,5,43
4100000,4,19000,Automatic,White,1996,7,80
4150000,4,6000,Automatic,White,1332,5,43
4200000,4,5600,Automatic,Grey,1950,5,43
4200000,4,12321,Automatic,Black,1984,5,54
4250000,4,17000,Automatic,White,1798,5,63
4300000,4,60000,Automatic,White,2755,7,80
4475000,4,7100,Automatic,Orange,1995,5,63
4550000,4,24000,Automatic,White,1995,5,59
4950000,4,12400,Automatic,Blue,1991,5,66
4975000,4,2610,Automatic,White,1991,5,66
5800000,4,7935,Automatic,Brown,1984,5,73
5950000,4,35000,Automatic,Beige,1999,5,66.5
5975000,4,18000,Automatic,White,1995,5,67
6100000,4,24500,Automatic,Red,2993,5,68
6200000,4,39000,Automatic,White,1995,5,67
6500000,4,7500,Automatic,Black,1991,5,80
6500000,4,12000,Automatic,White,1999,5,57
6600000,4,16785,Automatic,White,1991,5,66
7000000,4,14500,Automatic,White,1997,7,70
7000000,4,19000,Automatic,Black,1950,5,66
7200000,4,20000,Automatic,White,1984,5,75
7390000,4,7000,Automatic,Grey,1950,5,80
7475000,4,13000,Automatic,Black,1950,5,80
7475000,4,13000,Automatic,Black,1950,5,80
7500000,4,8000,Automatic,White,1950,5,80
7500000,4,13000,Automatic,Red,2996,4,66
7700000,4,18703,Automatic,White,2993,5,66
8500000,4,32500,Automatic,White,1969,7,71
8900000,4,9000,Automatic,Black,1950,5,93
9900000,4,28000,Automatic,Silver,2995,5,85
10800000,4,20000,Automatic,Red,2998,5,83
12500000,4,9500,Automatic,White,2998,6,83
12900000,4,3000,Automatic,White,2925,7,90
13000000,4,20000,Automatic,Blue,2925,7,90
13100000,4,17000,Automatic,White,2999,7,90
14900000,4,7534,Automatic,Blue,2995,5,75
18500000,4,5000,Automatic,White,2925,5,70
18500000,4,21000,Automatic,Black,3982,4,70
20000000,4,6600,Automatic,White,2996,5,80
355000,5,40000,Manual,White,796,5,35
425000,5,7520,Manual,Red,999,5,28
426999,5,41669,Automatic,Others,999,5,28
430000,5,5790,Manual,Silver,998,5,27
470000,5,2169,Automatic,Grey,998,5,27
530000,5,5923,Manual,White,1248,5,44
535000,5,4295,Manual,Silver,998,5,35
535000,5,41441,Manual,Silver,1196,5,40
550000,5,19000,Manual,Blue,1197,5,32
565000,5,47000,Manual,White,998,5,35
575000,5,40000,Manual,White,1199,5,37
590000,5,74000,Manual,White,1197,5,37
599000,5,35000,Automatic,Silver,1197,5,37
600000,5,10000,Manual,White,1197,5,42
625000,5,58736,Manual,Blue,1197,5,42
639000,5,44300,Automatic,Silver,998,5,35
649000,5,52236,Manual,Silver,1197,5,43
649000,5,52236,Manual,Silver,1197,5,43
650000,5,37003,Manual,Grey,1197,5,43
650000,5,42000,Manual,White,1197,5,37
650000,5,58100,Manual,White,1197,5,45
675000,5,25000,Manual,White,1199,5,35
690000,5,55000,Manual,Blue,1197,5,37
695000,5,18000,Manual,Green,1197,5,60
699000,5,30777,Automatic,White,1197,5,32
700000,5,25000,Manual,White,1197,5,37
715000,5,17000,Automatic,Silver,1197,5,37
740000,5,39000,Manual,Silver,1197,5,65
775000,5,39000,Manual,White,1197,5,37
819999,5,30000,Manual,White,1396,5,45
840000,5,7000,Automatic,Maroon,1197,5,37
840000,5,11000,Manual,White,1197,5,37
890000,5,23500,Manual,White,1498,5,50
900000,5,23000,Manual,Brown,998,5,45
950000,5,39000,Automatic,White,1498,5,35
950000,5,55055,Manual,White,1248,5,48
950000,5,57400,Manual,White,1497,5,42
990000,5,24013,Manual,Blue,998,5,45
1025000,5,20124,Manual,Red,999,5,45
1050000,5,16282,Automatic,White,998,5,37
1055000,5,15000,Automatic,Gold,998,5,45
1080000,5,52000,Manual,White,1497,5,42
1080000,5,56000,Manual,Blue,1493,5,45
1090000,5,26200,Automatic,White,998,5,45
1095000,5,43260,Automatic,Red,1197,5,45
1125000,5,46807,Automatic,Red,999,5,55
1130000,5,12905,Manual,White,998,5,37
1190000,5,47248,Automatic,Blue,1462,6,45
1199000,5,26497,Manual,White,1497,5,40
1220000,5,35000,Manual,White,2179,7,60
1275000,5,42000,Manual,Black,1497,5,50
1299000,5,31348,Manual,White,1497,5,42
1300000,5,27000,Manual,Silver,1493,5,50
1400000,5,94182,Automatic,Grey,1968,5,50
1475000,5,78000,Manual,White,2179,7,60
1550000,5,28000,Manual,Black,2184,6,57
1575000,5,63000,Automatic,White,1493,5,50
1598000,5,19700,Manual,Maroon,1493,5,50
1650000,5,7000,Manual,White,1493,5,50
1710000,5,12400,Manual,Grey,1956,5,60
1725000,5,35000,Manual,White,1493,5,50
1729000,5,27000,Automatic,Silver,1451,5,60
1750000,5,14400,Manual,Silver,1956,5,50
1780000,5,65433,Manual,Black,1956,5,60
1835000,5,33828,Automatic,White,1493,5,50
1850000,5,7000,Automatic,Black,1353,5,50
1864999,5,30000,Automatic,Blue,2184,4,57
1875000,5,18000,Automatic,Black,1353,5,50
1900000,5,41736,Automatic,Grey,1956,5,60
1950000,5,28584,Automatic,Black,1451,6,60
1950000,5,45000,Manual,Grey,2393,7,55
1964999,5,26000,Manual,Silver,2694,7,65
1995000,5,8000,Automatic,Black,1956,5,50
2048999,5,45350,Automatic,White,2179,7,70
2145000,5,10290,Manual,Red,1956,5,50
2250000,5,24549,Manual,Grey,2393,7,55
2475000,5,11293,Automatic,White,1956,5,60
2590000,5,36978,Automatic,Blue,1968,5,50
2725000,5,18625,Automatic,Bronze,2393,7,55
2950000,5,10700,Automatic,White,1984,5,55
2950000,5,11000,Automatic,White,1968,5,50
2950000,5,72000,Automatic,White,2199,7,60
2990000,5,17904,Automatic,White,1968,5,71
3050000,5,40910,Automatic,White,1968,5,50
3125000,5,28600,Automatic,White,1798,5,63
3250000,5,32005,Automatic,Blue,1995,5,61
3550000,5,55000,Automatic,Black,2755,7,80
3590000,5,19759,Automatic,Blue,1496,5,44
3675000,5,37180,Automatic,White,1995,5,63
3775000,5,50000,Automatic,White,2755,7,80
3800000,5,20000,Automatic,Black,1996,7,80
3900000,5,13000,Automatic,Black,1998,4,44
4100000,5,12136,Automatic,Blue,1995,5,50
4250000,5,17000,Automatic,White,1395,5,54
4300000,5,11000,Automatic,Blue,1995,5,50
4390000,5,23000,Automatic,White,1995,5,57
4400000,5,16519,Automatic,White,1969,5,54
4475000,5,18000,Automatic,White,1968,5,70
4600000,5,56000,Automatic,Blue,1999,5,66
4749000,5,14000,Automatic,White,1998,5,57
4800000,5,27000,Automatic,Blue,2487,5,50
5200000,5,14000,Automatic,Blue,2487,5,50
5200000,5,18000,Automatic,White,1950,5,80
5250000,5,28079,Automatic,Blue,1950,5,66
5300000,5,36000,Automatic,Grey,1984,5,73
5500000,5,19000,Automatic,Black,1998,5,57
5800000,5,30000,Automatic,Black,1995,5,65
5995000,5,54200,Automatic,White,1999,7,70
6000000,5,2600,Automatic,Blue,1969,5,55
6100000,5,9500,Automatic,Silver,1950,5,80
6300000,5,40000,Automatic,Silver,1950,6,57
6500000,5,6000,Automatic,White,1999,7,70
6500000,5,13000,Automatic,Silver,1950,5,66
6500000,5,21000,Automatic,White,1991,4,59
6800000,5,14500,Automatic,Silver,1950,5,66
6900000,5,32368,Automatic,White,2179,7,65
6975000,5,15200,Automatic,White,1950,5,66
7000000,5,19000,Automatic,White,2996,4,66
7500000,5,38000,Automatic,Blue,2995,5,65
8190000,5,18000,Automatic,Bronze,1950,5,93
8300000,5,29000,Automatic,Blue,2993,5,80
8300000,5,50000,Automatic,White,1950,5,93
8600000,5,21696,Automatic,Blue,2993,5,80
345000,6,60969,Manual,Silver,1198,5,35
365000,6,32000,Manual,Brown,999,5,28
370000,6,47377,Manual,Grey,998,4,60
375000,6,55000,Manual,Silver,799,5,28
390000,6,56000,Manual,White,796,5,35
400000,6,22000,Manual,White,998,5,35
409999,6,32000,Manual,Silver,1086,5,35
425000,6,53241,Manual,Grey,998,5,27
430000,6,57993,Automatic,White,998,5,35
434999,6,32000,Manual,Grey,799,5,28
434999,6,34400,Automatic,Silver,1086,5,35
449000,6,3583,Manual,Grey,796,5,35
465000,6,19000,Automatic,Gold,1086,5,35
465000,6,28000,Manual,White,1086,5,60
470000,6,11183,Automatic,Silver,999,5,28
475000,6,25000,Manual,Grey,998,5,35
480000,6,10265,Manual,Grey,1197,5,43
490000,6,32000,Automatic,Bronze,999,5,28
495000,6,46000,Manual,Silver,1086,5,60
509999,6,30858,Manual,Silver,1086,5,35
509999,6,40000,Manual,Silver,1196,7,40
509999,6,48000,Manual,White,998,5,35
515000,6,40310,Manual,Grey,1196,7,40
520000,6,76000,Manual,White,998,5,60
525000,6,32000,Manual,Bronze,1199,5,35
525000,6,50000,Manual,Grey,998,5,60
540000,6,34000,Manual,White,998,5,35
545000,6,10340,Manual,White,998,5,35
545000,6,28000,Manual,White,1197,5,43
545000,6,43000,Manual,Silver,1086,5,60
550000,6,29000,Manual,Grey,1197,5,42
550000,6,48000,Manual,Silver,998,5,60
551000,6,39000,Manual,White,1120,5,43
570000,6,13000,Manual,Silver,1197,5,42
575000,6,31000,Manual,Grey,998,5,60
575000,6,71569,Manual,White,1498,5,40
579000,6,50860,Manual,Grey,1197,5,32
580000,6,17881,Manual,Grey,1197,5,42
585000,6,12000,Automatic,Silver,1199,5,35
590000,6,26000,Manual,Blue,1197,5,42
595000,6,25000,Manual,Silver,1197,5,43
595000,6,48000,Manual,White,1197,5,40
605000,6,27469,Manual,Silver,1197,5,37
620000,6,42356,Manual,Red,1197,5,37
625000,6,31000,Manual,White,1197,5,45
625000,6,48422,Manual,Blue,1497,5,52
630000,6,20734,Automatic,Silver,998,5,35
645000,6,35000,Manual,Grey,1197,5,45
650000,6,15000,Automatic,Silver,1197,5,43
650000,6,42000,Manual,White,1198,5,35
650000,6,44710,Manual,White,1197,5,42
650000,6,54000,Automatic,White,1199,5,35
675000,6,35000,Manual,White,1498,5,40
675000,6,74237,Manual,White,1199,5,35
685000,6,74000,Manual,Blue,1197,5,37
691000,6,16652,Manual,White,1197,5,37
695000,6,42678,Manual,Blue,1197,5,45
695000,6,46027,Manual,Blue,1197,5,42
699000,6,53929,Manual,Red,999,5,45
700000,6,11000,Manual,Silver,1197,5,37
700000,6,19244,Manual,Red,1197,5,37
715000,6,31552,Automatic,Brown,1197,5,37
725000,6,11874,Automatic,White,1197,5,37
725000,6,11874,Automatic,White,1197,5,37
735000,6,55000,Manual,Silver,1197,5,37
750000,6,6200,Manual,Blue,1462,5,43
750000,6,33000,Manual,Silver,1198,5,44
750000,6,43600,Automatic,White,998,5,45
770000,6,72040,Automatic,Silver,1248,5,37
775000,6,14095,Manual,White,1499,5,52
775000,6,80849,Manual,White,1248,5,37
790000,6,25000,Automatic,Red,1197,5,37
795000,6,22224,Automatic,Grey,1199,5,35
799000,6,37500,Manual,Red,1197,5,37
825000,6,9644,Automatic,Blue,1197,5,37
825000,6,25500,Manual,Silver,1248,5,48
825000,6,44000,Manual,White,1462,5,43
825000,6,81300,Manual,White,1248,5,48
840000,6,34000,Manual,White,1497,5,40
850000,6,28000,Manual,White,1498,5,52
850000,6,32000,Automatic,Grey,1462,5,43
850000,6,72000,Manual,Silver,1248,7,45
850000,6,85641,Manual,White,1493,7,60
875000,6,36000,Manual,Bronze,1497,5,40
875000,6,58618,Manual,Grey,1497,5,40
894999,6,46000,Automatic,White,1248,5,48
900000,6,17000,Manual,White,1199,5,40
910000,6,34000,Manual,Blue,1462,5,43
910000,6,76000,Manual,White,1498,5,43
925000,6,60888,Manual,Silver,1497,5,42
935000,6,56000,Manual,White,1498,5,35
944999,6,88000,Manual,White,1493,7,60
950000,6,22000,Manual,White,1497,5,40
950000,6,32809,Manual,Silver,1598,5,55
975000,6,41792,Manual,Blue,1462,6,45
975000,6,56881,Manual,Silver,1497,5,40
975000,6,58000,Manual,White,1248,5,48
990000,6,21894,Automatic,White,1462,7,45
990000,6,23000,Manual,Orange,1396,5,60
990000,6,54572,Manual,White,1248,5,48
994999,6,27900,Manual,Brown,1462,6,45
999000,6,27464,Manual,Blue,998,5,45
1011000,6,74179,Automatic,Silver,1248,5,48
1025000,6,42000,Manual,Silver,1396,5,45
1025000,6,42000,Manual,Brown,1373,7,45
1025000,6,90000,Manual,White,1248,5,48
1040000,6,18000,Automatic,Brown,1497,5,40
1050000,6,17000,Manual,Green,1497,8,45
1060000,6,12382,Manual,Maroon,1497,5,40
1063000,6,31056,Manual,Others,1598,5,48
1075000,6,28000,Automatic,Blue,998,5,45
1075000,6,30672,Automatic,Blue,1462,5,43
1075000,6,45000,Automatic,White,1591,5,55
1080000,6,68000,Manual,White,1396,5,60
1090000,6,37000,Manual,Blue,1396,5,55
1090000,6,40900,Automatic,Red,1496,5,42
1100000,6,26000,Manual,White,1582,5,43
1121000,6,38000,Manual,White,2523,7,60
1125000,6,40000,Manual,White,1582,5,43
1125000,6,50000,Automatic,White,1591,5,43
1149000,6,26894,Automatic,Black,1591,5,45
1175000,6,20000,Manual,Black,1591,5,43
1175000,6,36313,Manual,Grey,1591,5,60
1180000,6,38000,Automatic,White,1591,5,43
1200000,6,27657,Automatic,Grey,1582,5,55
1221000,6,46000,Manual,White,2179,7,60
1225000,6,47000,Manual,White,1582,5,55
1270000,6,61805,Manual,White,2179,7,60
1275000,6,44000,Manual,Grey,1591,5,55
1275000,6,58900,Manual,White,1582,5,55
1299000,6,39000,Manual,White,1582,5,55
1350000,6,79000,Manual,Grey,1493,5,50
1375000,6,69000,Manual,Black,2179,7,60
1390000,6,29096,Automatic,White,1591,5,55
1400000,6,13000,Automatic,White,1591,5,60
1465000,6,22000,Automatic,Silver,1999,5,50
1475000,6,9576,Automatic,White,1591,5,55
1490000,6,57600,Automatic,White,1353,5,50
1500000,6,75000,Manual,White,2179,7,70
1550000,6,17000,Manual,White,1353,5,50
1575000,6,55000,Manual,Silver,1493,5,50
1611000,6,46301,Manual,White,1956,5,60
1625000,6,7000,Automatic,Red,1451,5,60
1670000,6,39000,Automatic,Brown,1798,5,55
1695000,6,20856,Manual,Orange,1956,5,50
1725000,6,23952,Manual,Red,1956,5,60
1725000,6,68758,Manual,White,1956,5,50
1750000,6,57000,Automatic,Silver,1368,5,60
1900000,6,71000,Manual,Bronze,2393,8,55
1998999,6,71063,Manual,Silver,2393,8,55
2089999,6,31000,Automatic,White,1995,5,62
2196000,6,42794,Automatic,White,2755,8,55
2250000,6,28000,Manual,Maroon,2393,8,55
2295000,6,26000,Automatic,Silver,2755,7,55
2380000,6,36000,Automatic,White,1968,5,50
2395000,6,44876,Automatic,White,1995,5,62
2690000,6,15500,Automatic,Blue,1995,5,57
2750000,6,56500,Automatic,White,2143,5,50
2770000,6,32000,Automatic,Black,2157,7,70
2799000,6,69500,Automatic,White,2755,7,80
2811000,6,71500,Automatic,White,2755,7,80
2900000,6,15529,Automatic,White,1968,5,50
2900000,6,15530,Automatic,White,1968,5,50
2900000,6,25000,Automatic,White,1995,5,63
2980000,6,92000,Manual,Black,2755,7,80
3025000,6,59000,Automatic,Blue,1995,5,63
3100000,6,17000,Automatic,Red,2143,5,56
3100000,6,24000,Automatic,Red,1991,5,50
3199000,6,6900,Automatic,Grey,1968,5,66
3250000,6,34000,Automatic,White,3198,7,80
3250000,6,41000,Automatic,White,1968,5,64
3300000,6,6400,Automatic,Red,1496,5,44
3300000,6,42475,Automatic,Silver,3198,7,80
3400000,6,11000,Automatic,Black,1995,5,63
3400000,6,30600,Automatic,Red,1984,5,50
3400000,6,48000,Automatic,White,1968,5,54
3450000,6,41526,Automatic,Silver,3198,7,80
3499000,6,73000,Automatic,White,2755,7,80
3500000,6,55000,Automatic,Black,1950,5,66
3650000,6,6000,Automatic,White,1998,5,57
3650000,6,34000,Automatic,Black,3198,7,80
3675000,6,34000,Automatic,Black,1968,5,75
3750000,6,13500,Automatic,Silver,1999,5,66
3775000,6,32963,Automatic,Black,1995,5,63
3785000,6,29221,Automatic,Blue,1995,5,63
3900000,6,33000,Automatic,Beige,1950,5,66
3950000,6,33000,Automatic,White,1950,5,66
4150000,6,8000,Automatic,Blue,1950,5,66
4150000,6,29000,Automatic,Blue,1995,5,57
4275000,6,31000,Automatic,Blue,1950,5,66
4500000,6,72000,Automatic,White,1950,5,80
4575000,6,50000,Automatic,Blue,2179,7,65
4800000,6,30000,Automatic,Black,1995,5,65
4800000,6,31000,Automatic,Black,1995,5,65
5100000,6,24444,Automatic,Blue,1999,7,65
5100000,6,79000,Automatic,Blue,2993,5,68
5200000,6,10000,Automatic,Blue,1950,5,66
5200000,6,43000,Automatic,Black,1999,5,82
5300000,6,15087,Automatic,Blue,1995,5,67
5500000,6,30000,Automatic,White,1950,5,80
5775000,6,57000,Automatic,Black,2143,5,93
5800000,6,3500,Automatic,White,1969,5,71
5850000,6,31000,Automatic,Grey,2143,5,93
5950000,6,10000,Automatic,White,1950,5,80
6225000,6,42079,Automatic,Silver,2987,5,80
6500000,6,5750,Automatic,White,1950,5,80
6875000,6,53000,Automatic,White,2987,7,100
8500000,6,13000,Automatic,White,2987,7,100
9000000,6,27000,Automatic,Red,1984,5,65
9300000,6,9000,Automatic,Blue,3436,4,68
19300000,6,63000,Automatic,Black,2993,5,105
22000000,6,35000,Automatic,Blue,2993,5,105
250000,7,25000,Manual,Grey,999,5,28
280000,7,48000,Manual,Silver,796,5,35
290000,7,70000,Manual,White,814,5,32
299000,7,19000,Manual,Red,999,5,28
300000,7,51000,Manual,White,814,5,32
305000,7,34800,Manual,Red,799,5,28
319000,7,89059,Manual,Others,799,5,28
320000,7,42313,Automatic,Grey,999,5,28
328000,7,26807,Manual,Black,1196,5,40
375000,7,14000,Manual,Green,999,5,28
375000,7,48144,Manual,Grey,1199,5,35
379000,7,29434,Manual,Silver,1047,5,35
380000,7,68320,Manual,Silver,998,5,35
390000,7,18000,Manual,Silver,998,5,35
390000,7,47874,Manual,Red,999,5,28
390000,7,66794,Manual,Others,998,5,35
395000,7,75500,Manual,Blue,999,5,28
399000,7,38000,Manual,Silver,1197,5,43
400000,7,91460,Manual,Black,1199,5,35
405000,7,34000,Manual,Red,814,5,32
409000,7,27069,Manual,White,1199,5,35
422000,7,12768,Manual,White,1196,5,40
425000,7,18000,Manual,Grey,998,5,35
445000,7,65555,Manual,White,1186,5,43
445000,7,71000,Manual,White,998,5,35
449000,7,53512,Manual,Orange,1199,5,35
450000,7,32000,Manual,White,1196,7,40
450000,7,43000,Manual,White,998,5,35
459999,7,22541,Manual,Grey,999,5,28
484999,7,35000,Automatic,Blue,1199,5,35
484999,7,44000,Automatic,Grey,998,5,35
484999,7,55221,Manual,White,1197,5,43
484999,7,62000,Manual,Silver,1197,5,37
490000,7,43000,Manual,White,1047,5,35
490000,7,66000,Manual,White,1197,5,43
495000,7,45000,Manual,White,1197,5,43
520000,7,40000,Manual,Grey,1197,5,42
520000,7,46000,Manual,White,1248,5,42
525000,7,78900,Manual,Silver,1120,5,43
549000,7,53000,Automatic,White,1197,5,43
550000,7,50000,Manual,White,1197,5,42
550000,7,56000,Manual,Grey,1197,5,43
555000,7,20000,Automatic,Red,1199,5,35
560000,7,84500,Manual,White,1248,5,37
569000,7,57847,Manual,Grey,1197,5,43
575000,7,27239,Automatic,Orange,998,5,35
575000,7,58000,Manual,Silver,1197,5,42
580000,7,28851,Manual,Blue,1248,5,37
580000,7,81000,Automatic,Red,1198,5,44
585000,7,31000,Manual,Brown,1373,5,43
589000,7,13772,Automatic,White,1086,5,35
590000,7,68500,Manual,Grey,1248,5,37
600000,7,32000,Manual,Silver,1197,5,37
600000,7,54000,Manual,White,1197,5,42
609000,7,42601,Manual,Blue,1197,5,45
625000,7,23000,Manual,Red,1197,5,40
628000,7,53848,Manual,Maroon,1199,5,35
650000,7,32000,Manual,Blue,1197,5,37
660000,7,9000,Manual,Grey,1197,5,45
675000,7,64000,Manual,White,1248,5,48
685000,7,64300,Manual,Brown,1197,5,40
685000,7,92000,Automatic,White,1248,5,37
690000,7,38000,Manual,Gold,1598,5,55
695000,7,8000,Automatic,Blue,1197,5,37
695000,7,31000,Manual,Grey,1197,5,37
695000,7,55000,Automatic,Grey,1248,5,37
695000,7,66000,Automatic,Red,1248,5,37
695000,7,68818,Automatic,Silver,1197,5,37
699000,7,43000,Automatic,Red,1248,5,37
710000,7,72000,Manual,Blue,1598,5,48
711000,7,67900,Manual,Red,1248,5,48
720000,7,50197,Manual,Grey,999,5,45
721000,7,46000,Manual,White,1373,5,43
725000,7,42000,Manual,White,1248,5,48
725000,7,65000,Manual,White,1497,5,44
735000,7,42000,Automatic,Blue,1197,5,37
745000,7,36000,Manual,White,1248,5,48
745000,7,54000,Automatic,Silver,1497,7,42
750000,7,16339,Manual,Black,1591,5,43
750000,7,33647,Automatic,Red,1197,5,40
750000,7,65000,Manual,Blue,1248,5,37
750000,7,75000,Manual,White,1498,5,40
760000,7,20251,Manual,Grey,1198,5,44
775000,7,39000,Manual,Maroon,1497,5,40
775000,7,39000,Automatic,Red,1197,5,37
775000,7,40000,Automatic,Red,1197,5,37
785000,7,23000,Automatic,Red,1199,5,40
785000,7,80000,Manual,Grey,1248,5,48
790000,7,41000,Manual,Silver,1498,5,40
795000,7,45326,Manual,White,1199,5,40
799000,7,79800,Manual,Grey,1582,5,43
800000,7,66000,Manual,Gold,1248,5,37
800000,7,68000,Manual,Grey,1396,5,60
801000,7,30000,Manual,Silver,1248,5,48
810000,7,73000,Manual,Red,1582,5,45
811000,7,44153,Manual,White,1248,7,45
819999,7,27963,Manual,White,1199,5,40
819999,7,42000,Manual,Maroon,1199,5,40
823000,7,90000,Automatic,Green,1462,5,43
825000,7,48174,Manual,White,1248,5,48
825000,7,62000,Automatic,Brown,1197,5,55
835000,7,42855,Manual,Brown,1497,5,40
844999,7,71000,Manual,White,1582,5,43
850000,7,37093,Manual,Red,1248,5,48
850000,7,52890,Manual,Silver,1497,5,40
850000,7,65000,Manual,White,2179,7,60
850000,7,85000,Manual,Maroon,1248,5,48
860000,7,33030,Manual,Red,1248,5,48
860000,7,82200,Manual,Grey,1497,5,44
865000,7,53694,Manual,Grey,1248,5,48
875000,7,23148,Automatic,Red,1496,5,42
875000,7,24000,Manual,White,2498,6,60
875000,7,28000,Manual,Silver,1497,5,40
875000,7,50000,Manual,Silver,1497,5,40
875000,7,82000,Manual,White,1248,5,48
880000,7,47000,Manual,White,1598,5,55
885000,7,38000,Manual,Red,1598,5,55
890000,7,35000,Automatic,Orange,1198,5,44
894999,7,21365,Automatic,Grey,1197,5,37
899000,7,13066,Manual,Grey,1373,5,43
900000,7,55000,Automatic,Grey,1598,5,55
925000,7,74797,Manual,White,1498,5,52
949000,7,37100,Manual,Grey,1497,5,40
949000,7,50500,Manual,Blue,1248,5,48
950000,7,41000,Manual,Blue,2523,8,60
950000,7,63000,Manual,White,1396,5,60
950000,7,71000,Manual,White,1248,5,48
960000,7,24000,Manual,Brown,1461,5,50
965000,7,87001,Manual,White,1582,5,43
969999,7,68000,Manual,Black,1582,5,55
975000,7,53300,Automatic,Grey,1591,5,45
1000000,7,38000,Manual,White,2179,7,60
1000000,7,42000,Automatic,White,1591,5,60
1035000,7,36000,Manual,Grey,1582,5,60
1050000,7,34841,Manual,White,1591,5,55
1085000,7,8922,Automatic,Red,1198,5,44
1085000,7,45915,Automatic,Black,1582,5,45
1095000,7,50000,Manual,Maroon,2179,7,70
1095000,7,57000,Manual,Black,2179,7,70
1099000,7,20690,Automatic,Red,1598,5,55
1100000,7,65954,Manual,Red,1582,5,55
1115000,7,37000,Manual,Black,1591,5,55
1115000,7,58590,Manual,Grey,2179,7,70
1125000,7,60000,Manual,White,1582,5,55
1138000,7,6000,Automatic,Silver,1497,5,40
1165000,7,32000,Manual,White,2179,7,60
1175000,7,97000,Manual,White,1582,5,43
1190000,7,59000,Manual,White,2179,7,60
1190000,7,76000,Automatic,White,1582,5,60
1250000,7,90000,Manual,Silver,1956,5,60
1251000,7,120000,Manual,Black,2179,7,60
1260000,7,33500,Automatic,White,1591,5,60
1260000,7,36000,Automatic,Grey,1591,5,55
1275000,7,47000,Manual,White,2179,7,70
1295000,7,30000,Automatic,Black,1591,5,55
1295000,7,65100,Automatic,Beige,1798,5,55
1299000,7,50000,Automatic,White,1591,5,60
1321000,7,38000,Automatic,Gold,1798,5,55
1350000,7,56500,Manual,Black,2179,7,60
1425000,7,72870,Automatic,White,1582,5,55
1450000,7,90000,Manual,Black,1956,5,60
1490000,7,50000,Manual,Maroon,2179,7,70
1490000,7,68000,Manual,White,2179,7,60
1495000,7,28000,Automatic,Silver,1368,5,60
1515000,7,67546,Automatic,Others,1798,5,50
1549000,7,95315,Manual,Brown,2393,7,55
1580000,7,115000,Automatic,Beige,2755,7,55
1595000,7,54154,Automatic,Red,2179,7,70
1639999,7,43000,Automatic,Bronze,2179,7,70
1650000,7,25914,Automatic,Brown,1798,5,55
1789999,7,46000,Automatic,Black,1999,5,62
1950000,7,54000,Automatic,Silver,2694,7,65
1950000,7,69000,Manual,Grey,2393,7,55
1975000,7,75000,Automatic,Grey,2755,7,55
1989999,7,55000,Manual,Gold,2393,7,55
1995000,7,35123,Manual,White,2393,8,55
1995000,7,122000,Automatic,Silver,2477,7,70
2039999,7,110000,Automatic,Bronze,2755,7,55
2050000,7,73000,Automatic,White,1968,5,71
2089999,7,15600,Automatic,White,1395,5,50
2100000,7,42000,Automatic,Red,1984,5,60
2100000,7,75592,Automatic,White,2999,7,65
2175000,7,40000,Automatic,Bronze,2755,7,55
2180000,7,77590,Automatic,Blue,1395,5,50
2200000,7,57000,Automatic,Grey,2755,7,55
2350000,7,14120,Automatic,Brown,1798,5,66
2450000,7,43290,Automatic,Blue,1798,5,50
2450000,7,61000,Automatic,Gold,2143,5,50
2475000,7,38000,Automatic,Red,1968,5,64
2500000,7,90000,Automatic,Bronze,2143,5,50
2650000,7,43000,Automatic,Grey,2143,5,50
2650000,7,50000,Automatic,Blue,1995,5,63
2650000,7,53000,Automatic,Blue,1995,5,63
2700000,7,45545,Automatic,Red,1999,5,56
2775000,7,68189,Automatic,Brown,1995,5,57
2790000,7,25000,Automatic,White,1995,5,51
2800000,7,20000,Automatic,Red,2143,5,56
2850000,7,45000,Automatic,White,1999,5,56
2900000,7,35000,Automatic,White,1968,5,64
2950000,7,17300,Automatic,Red,1968,5,50
2950000,7,75000,Automatic,White,1995,5,57
2990000,7,34000,Automatic,White,1995,5,63
3125000,7,49000,Automatic,Blue,1995,5,63
3210000,7,37000,Automatic,White,2755,7,80
3250000,7,173000,Manual,White,2755,7,80
3290000,7,51000,Automatic,White,2755,7,80
3300000,7,17000,Automatic,Green,1496,5,44
3350000,7,25000,Automatic,White,2755,7,80
3400000,7,50000,Automatic,Blue,2143,5,66
3400000,7,51000,Automatic,Red,1968,5,75
3400000,7,68000,Automatic,White,1950,5,66
3450000,7,35000,Automatic,White,3198,7,80
3470000,7,62152,Automatic,Silver,2755,7,80
3500000,7,18000,Automatic,White,1395,5,54
3600000,7,7800,Automatic,White,2755,7,80
3600000,7,45000,Automatic,Blue,1999,5,57
3800000,7,9512,Automatic,Blue,1995,5,67
3800000,7,87000,Automatic,Blue,1995,5,67
3900000,7,48945,Automatic,Black,1968,5,75
3950000,7,52000,Automatic,White,1969,5,54
4175000,7,20000,Automatic,White,1969,5,55
4200000,7,36000,Automatic,White,2179,7,65
4200000,7,90868,Automatic,Blue,1999,5,82
4200000,7,102000,Automatic,Black,2143,5,93
4250000,7,24000,Automatic,White,1950,5,66
4250000,7,32000,Automatic,Blue,1998,5,57
4290000,7,60474,Automatic,White,1995,5,65
4325000,7,40545,Automatic,Grey,1999,5,82
4351000,7,36000,Automatic,White,1968,5,75
4375000,7,54500,Automatic,Black,2494,5,56
4400000,7,70000,Automatic,White,1995,5,67
4459000,7,57300,Automatic,White,2179,7,65
4500000,7,23000,Automatic,Grey,1995,5,65
4500000,7,49500,Automatic,Black,1995,5,65
4550000,7,45000,Automatic,Grey,2143,5,66
4590000,7,95786,Automatic,Black,2143,5,93
4775000,7,51529,Automatic,White,1950,5,80
4900000,7,38000,Automatic,Blue,2993,5,65
4900000,7,78000,Automatic,Black,2967,7,75
4950000,7,38000,Automatic,White,1999,7,65
5250000,7,21000,Automatic,Blue,2993,5,65
5400000,7,50500,Automatic,White,2143,5,93
5600000,7,40937,Automatic,White,2993,5,65
5900000,7,28000,Automatic,White,2987,5,93
5900000,7,47000,Automatic,Blue,2967,7,75
6000000,7,27600,Automatic,Blue,2993,5,65
6150000,7,18000,Automatic,Black,2987,5,93
6700000,7,39850,Automatic,Blue,2967,7,75
7200000,7,87200,Automatic,White,2987,7,100
7990000,7,23000,Automatic,Yellow,4951,4,60.9
8500000,7,25275,Automatic,Black,2996,5,93
9500000,7,20000,Automatic,Yellow,1988,2,54
10900000,7,6300,Automatic,Grey,1988,2,54
198000,8,24000,Manual,Red,999,5,28
240000,8,42000,Manual,White,1198,5,35
250000,8,32000,Manual,White,799,5,28
250000,8,132683,Manual,Bronze,1498,5,40
265000,8,30000,Manual,White,796,5,35
265000,8,52100,Manual,White,796,5,35
270000,8,27000,Manual,Silver,1198,5,35
285000,8,45600,Manual,White,796,5,35
286000,8,40564,Manual,Silver,796,5,35
299000,8,45000,Manual,Silver,796,5,35
299000,8,65822,Manual,Silver,793,5,35
315000,8,15507,Manual,Bronze,799,5,28
315000,8,15507,Manual,Bronze,799,5,28
325000,8,56000,Manual,Silver,814,5,32
330000,8,63200,Manual,Grey,998,4,60
335000,8,34000,Manual,Brown,1198,7,35
340000,8,6000,Manual,Maroon,1461,5,41
345000,8,72019,Manual,Silver,998,5,35
369000,8,16800,Manual,Grey,998,5,35
375000,8,45000,Manual,Grey,999,5,28
391000,8,24000,Manual,Silver,998,5,35
395000,8,46992,Manual,White,1199,5,35
400000,8,35000,Manual,Blue,1197,5,43
400000,8,43000,Manual,Grey,998,5,35
419000,8,23700,Manual,Bronze,799,5,28
420000,8,43000,Manual,Grey,999,5,28
421000,8,69000,Manual,Grey,1197,5,42
425000,8,41624,Automatic,White,998,5,35
434000,8,50000,Automatic,White,998,5,35
434999,8,23000,Manual,White,1196,5,42
434999,8,27000,Manual,White,1186,5,43
450000,8,65000,Manual,Grey,1197,5,42
450000,8,75000,Manual,White,1197,5,42
451000,8,55000,Manual,White,1120,5,43
475000,8,34867,Automatic,Silver,1199,5,35
484999,8,86006,Manual,White,1364,5,45
490000,8,82000,Manual,White,1197,5,37
495000,8,30000,Manual,Orange,1197,5,43
495000,8,38258,Manual,White,1248,5,37
495000,8,47000,Manual,Silver,1197,5,43
500000,8,32000,Automatic,Orange,998,5,35
500000,8,140000,Manual,Grey,1248,5,42
505000,8,87150,Manual,Grey,1198,5,35
521000,8,40879,Automatic,Red,1197,5,32
535000,8,34908,Manual,Grey,1197,5,37
540000,8,38700,Manual,Maroon,1198,5,35
545000,8,22000,Automatic,Blue,1197,5,32
545000,8,61518,Manual,Red,1197,5,37
550000,8,61400,Manual,Grey,1197,5,43
560000,8,29000,Manual,Grey,1197,5,43
560000,8,36000,Automatic,Silver,1197,5,32
561000,8,68000,Manual,Brown,1197,5,37
565000,8,45000,Manual,Grey,1199,5,40
565000,8,64000,Manual,Brown,1373,5,43
565000,8,65000,Manual,Red,1493,7,60
570000,8,36000,Automatic,White,1197,5,37
570000,8,92270,Manual,Brown,1199,5,40
575000,8,35000,Manual,White,1248,5,42
575000,8,53580,Manual,Gold,1199,5,40
575000,8,69508,Manual,White,1498,5,45
580000,8,39000,Manual,White,1199,5,40
585000,8,24100,Manual,Silver,1199,5,40
585000,8,47000,Manual,Grey,1197,5,45
591000,8,20281,Manual,Red,1197,5,45
595000,8,35000,Automatic,Blue,1197,5,37
595000,8,44100,Automatic,Silver,1197,5,42
595000,8,99000,Automatic,Brown,1199,5,40
600000,8,48000,Manual,Black,1498,5,50
600000,8,86000,Manual,Brown,1248,5,43
610000,8,38674,Manual,Red,1197,5,42
610000,8,105000,Manual,Silver,1248,5,42
611000,8,51349,Manual,Red,1197,5,45
611000,8,65000,Manual,White,1396,5,45
615000,8,36058,Manual,Silver,1197,5,37
615000,8,69000,Automatic,Black,1493,7,60
620000,8,92000,Manual,Brown,1498,5,52
625000,8,23798,Manual,Brown,1199,5,40
625000,8,42000,Manual,Silver,1197,5,45
625000,8,51145,Manual,Red,1197,5,37
625000,8,55000,Manual,Bronze,1198,5,45
625000,8,58000,Automatic,Silver,1197,5,37
625000,8,81000,Manual,White,1461,5,50
630000,8,36000,Manual,Blue,1248,5,37
640000,8,61000,Manual,Maroon,1248,5,48
640000,8,63000,Manual,Grey,1598,5,48
645000,8,64000,Manual,White,1497,5,40
650000,8,49422,Automatic,Silver,1197,5,43
650000,8,51000,Automatic,White,1197,5,55
650000,8,76000,Automatic,Silver,1248,5,42
650000,8,86000,Manual,White,1248,5,43
650000,8,92000,Manual,White,1248,5,43
655000,8,24003,Manual,Brown,1199,5,40
660000,8,40000,Automatic,Blue,1197,5,37
665000,8,48000,Manual,Blue,1248,5,37
675000,8,35616,Automatic,Blue,1197,5,37
675000,8,48591,Manual,White,1197,5,45
675000,8,48650,Automatic,Brown,1199,5,40
675000,8,73315,Manual,Grey,1373,5,43
675000,8,81323,Manual,Silver,1498,5,52
675000,8,125372,Manual,Brown,1248,5,48
685000,8,58146,Manual,Red,1197,5,37
690000,8,17268,Manual,Red,1197,5,45
690000,8,61000,Manual,Orange,1248,5,37
690000,8,65000,Manual,White,1396,5,45
695000,8,51292,Manual,White,1497,5,40
699000,8,67000,Manual,White,1591,5,43
699000,8,75000,Manual,Grey,1498,5,52
710000,8,73000,Manual,White,1248,5,48
715000,8,71000,Manual,Red,1248,5,48
725000,8,36597,Manual,Red,1197,5,45
725000,8,42000,Manual,White,1248,7,45
725000,8,55000,Automatic,White,1373,5,43
725000,8,64000,Manual,Gold,1248,5,48
725000,8,75000,Manual,White,1248,5,48
725000,8,75793,Manual,White,1248,5,48
730000,8,80000,Manual,Yellow,1248,5,48
740000,8,88000,Manual,White,1248,7,45
741000,8,31000,Automatic,Blue,1373,5,43
745000,8,82000,Manual,White,1498,5,52
749000,8,114000,Manual,Grey,1598,5,48
750000,8,48069,Automatic,White,1197,5,42
750000,8,72000,Manual,Maroon,1396,5,45
755000,8,57000,Manual,White,1373,5,43
755000,8,75650,Manual,White,1498,5,40
761000,8,38000,Automatic,Grey,1497,5,40
765000,8,68000,Manual,Grey,1248,7,45
775000,8,60500,Automatic,White,1197,5,55
775000,8,67000,Automatic,White,1461,5,50
775000,8,71000,Manual,Silver,1373,7,45
780000,8,94827,Manual,Others,1248,5,48
785000,8,20000,Automatic,Blue,1373,5,43
785000,8,44000,Manual,White,1493,7,60
789000,8,60444,Manual,Red,1498,5,50
790000,8,50000,Manual,White,1248,5,48
795000,8,9000,Manual,Grey,1373,7,45
795000,8,52245,Manual,Brown,1248,5,48
800000,8,52836,Manual,Blue,1598,5,48
800000,8,76642,Manual,Silver,1373,7,45
800000,8,82300,Manual,White,1373,5,43
800000,8,112000,Manual,Silver,1997,7,70
811999,8,31000,Manual,White,1582,5,45
825000,8,62000,Manual,White,1396,5,60
850000,8,47255,Manual,Grey,1497,5,40
855000,8,57000,Manual,Grey,1582,5,43
865000,8,49013,Automatic,Grey,1497,5,40
865000,8,93000,Manual,White,2179,7,70
869999,8,70000,Manual,White,1582,5,60
875000,8,50000,Manual,Silver,1591,5,60
890000,8,49000,Manual,Grey,1591,5,60
890000,8,70000,Manual,Maroon,1248,5,48
925000,8,28000,Manual,Red,1497,5,44
925000,8,29401,Manual,Grey,1591,5,60
944999,8,41417,Automatic,Grey,1197,5,45
950000,8,55000,Manual,White,1997,8,60
975000,8,78000,Manual,Silver,2179,7,70
985000,8,68000,Manual,White,2179,8,60
1035000,8,79000,Manual,Green,2498,7,60
1050000,8,29386,Automatic,Silver,1497,5,40
1050000,8,71800,Manual,Black,1956,5,60
1050000,8,88757,Manual,Blue,2179,6,60
1050000,8,97000,Automatic,Silver,1582,5,60
1074000,8,50050,Automatic,White,1591,5,60
1075000,8,86000,Manual,White,1956,5,60
1090000,8,19000,Manual,White,1997,8,60
1090000,8,144933,Manual,White,2179,7,70
1095000,8,39000,Automatic,Red,1591,5,60
1123000,8,80000,Automatic,Silver,1582,5,45
1150000,8,66602,Automatic,Grey,1582,5,60
1175000,8,24000,Automatic,White,1999,5,50
1190000,8,41470,Automatic,Black,2179,7,70
1200000,8,95785,Automatic,Blue,2179,7,60
1240000,8,57000,Manual,White,1956,5,60
1250000,8,60200,Automatic,White,1368,5,60
1350000,8,70000,Automatic,Blue,1368,5,60
1375000,8,70000,Automatic,White,1582,5,60
1390000,8,56000,Automatic,White,1798,5,50
1390000,8,56000,Automatic,White,1798,5,50
1421000,8,75000,Manual,White,2393,7,55
1495000,8,28000,Automatic,Grey,1798,5,50
1595000,8,86000,Automatic,Blue,1999,5,62
1650000,8,52458,Automatic,Black,1798,5,66
1685000,8,28600,Automatic,Grey,1798,5,50
1760000,8,48000,Automatic,White,1798,5,50
1789999,8,49000,Automatic,Maroon,2694,7,65
1791000,8,96095,Automatic,Silver,2999,7,65
1798999,8,14000,Automatic,Blue,1984,5,60
1839000,8,110000,Automatic,Blue,1968,5,64
1970000,8,85000,Automatic,Blue,1968,5,64
1998999,8,39328,Automatic,Silver,2143,5,56
2000000,8,93000,Automatic,White,3198,7,80
2050000,8,68000,Automatic,White,1984,5,60
2100000,8,42000,Automatic,Silver,1968,5,64
2100000,8,112000,Manual,Bronze,2393,7,55
2150000,8,45000,Automatic,Grey,2755,7,55
2175000,8,29000,Manual,Bronze,2393,7,55
2190000,8,30000,Manual,Maroon,2393,7,55
2345000,8,47000,Automatic,Brown,2494,5,70
2375000,8,61643,Automatic,Blue,1968,5,64
2385000,8,22120,Automatic,White,1995,5,51
2400000,8,59267,Automatic,Silver,1968,5,54
2400000,8,81802,Automatic,Blue,1968,5,75
2450000,8,25000,Automatic,White,2143,5,50
2500000,8,82900,Automatic,Brown,1968,5,66
2550000,8,36000,Automatic,Blue,1968,5,64
2550000,8,44000,Automatic,Black,2755,7,80
2600000,8,41000,Automatic,Blue,1995,5,51
2600000,8,64000,Automatic,Blue,1968,5,50
2650000,8,70000,Automatic,Brown,2143,5,66
2650000,8,75000,Automatic,White,1995,5,51
2690000,8,65000,Automatic,Grey,2755,7,80
2749000,8,120000,Automatic,White,2755,7,80
2750000,8,51800,Automatic,Black,1995,5,65
2750000,8,219000,Automatic,White,2755,7,80
2799000,8,72400,Automatic,White,1968,5,54
2800000,8,15900,Automatic,White,1998,5,57
2800000,8,29000,Automatic,Brown,1995,5,63
2800000,8,49000,Automatic,White,2755,7,80
2850000,8,58000,Automatic,Black,1798,5,75
2900000,8,46000,Automatic,White,2755,7,80
2900000,8,64000,Automatic,White,1968,5,64
2990000,8,44000,Automatic,White,1995,5,57
3000000,8,42000,Automatic,White,1395,5,54
3075000,8,17000,Automatic,White,1968,5,75
3090000,8,52000,Automatic,White,2755,7,80
3200000,8,10500,Automatic,Black,1998,4,44
3200000,8,110000,Automatic,Grey,2755,7,80
3299000,8,29999,Automatic,Blue,1999,5,56
3300000,8,41296,Automatic,Blue,1995,5,65
3500000,8,72000,Automatic,White,2143,5,66
3800000,8,50000,Automatic,White,1999,5,57
3850000,8,45600,Automatic,Black,2143,5,66
3900000,8,31059,Automatic,Bronze,2494,5,65
4000000,8,25500,Automatic,White,1999,5,57
4150000,8,48000,Automatic,Black,1950,5,80
4190000,8,90000,Automatic,Black,2143,5,93
4195000,8,63651,Automatic,White,1995,5,67
4200000,8,77000,Automatic,White,2143,5,66
4200000,8,85000,Automatic,Black,2143,5,93
4250000,8,80000,Automatic,White,2993,5,80
4375000,8,31059,Automatic,Brown,2494,5,65
4550000,8,34000,Automatic,Silver,2143,5,93
5100000,8,56000,Automatic,White,1991,4,59
5200000,8,45000,Automatic,Grey,2967,7,75
5400000,8,33000,Automatic,White,2993,4,78
5500000,8,24000,Automatic,White,2967,7,75
5500000,8,45000,Automatic,White,2967,7,75
5800000,8,30000,Automatic,White,2993,5,77
5950000,8,28000,Automatic,White,2993,4,78
5950000,8,80000,Automatic,Black,2996,5,100
6900000,8,42200,Automatic,Black,2993,4,78
7900000,8,11850,Automatic,White,2925,5,70
8000000,8,25000,Automatic,Black,4951,4,60.9
9000000,8,7000,Automatic,Red,1988,2,54
9000000,8,40000,Automatic,White,2979,5,80
245000,9,55000,Manual,White,796,5,35
245000,9,64000,Manual,Silver,998,5,35
254999,9,57159,Manual,Silver,799,5,28
265000,9,122000,Manual,Red,999,5,28
285000,9,17000,Manual,White,796,5,35
285000,9,22346,Manual,White,796,5,35
295000,9,34736,Manual,Red,999,5,28
299000,9,26000,Manual,Brown,999,5,28
320000,9,64000,Manual,Silver,799,5,28
335000,9,64000,Manual,White,1186,5,43
340000,9,52303,Manual,Grey,796,5,35
341000,9,49000,Manual,White,1198,5,35
345000,9,49857,Manual,White,998,5,35
345000,9,71000,Manual,White,1120,5,43
345000,9,73190,Manual,Grey,998,5,35
375000,9,35134,Manual,Silver,1198,5,35
380000,9,70000,Automatic,Grey,998,5,35
395000,9,28000,Manual,Maroon,1197,5,35
400000,9,50000,Manual,Red,1199,5,40
400000,9,67850,Manual,Red,998,5,35
412000,9,41058,Automatic,Silver,998,5,35
425000,9,52600,Manual,Silver,1198,5,45
430000,9,26600,Manual,Brown,998,5,35
440000,9,50374,Manual,White,1198,5,35
440000,9,53807,Manual,White,1197,5,42
445000,9,22402,Manual,Grey,1197,5,43
445000,9,63882,Manual,Bronze,1198,5,35
450000,9,44613,Manual,Silver,1498,5,40
450000,9,45000,Manual,White,1197,5,42
450000,9,47000,Manual,Grey,1197,5,43
450000,9,48200,Manual,Silver,1197,5,42
450000,9,53300,Manual,Maroon,1197,5,43
459999,9,61223,Manual,White,1197,5,43
459999,9,82844,Manual,Grey,1186,5,43
470000,9,74000,Manual,White,1197,5,42
475000,9,16630,Manual,Maroon,1197,5,43
475000,9,55353,Manual,Grey,1248,5,42
475000,9,69001,Manual,White,1499,5,52
480000,9,50000,Manual,White,1198,5,35
480000,9,85000,Manual,White,1248,5,42
495000,9,53376,Manual,Orange,1198,6,35
500000,9,26000,Manual,White,1197,5,42
500000,9,54440,Manual,Silver,1199,5,40
500000,9,114000,Manual,Grey,1364,5,45
525000,9,18800,Manual,Grey,1199,5,40
525000,9,64928,Manual,Red,1197,5,42
535000,9,58339,Manual,Grey,1396,5,45
545000,9,53000,Manual,White,1197,5,37
545000,9,70500,Manual,White,1396,5,45
550000,9,83000,Manual,White,1598,5,55
550000,9,88000,Manual,Blue,1248,5,37
560000,9,22700,Manual,Red,1197,5,45
560000,9,75210,Manual,White,1396,5,40
560000,9,80000,Manual,White,1396,5,40
565000,9,29000,Automatic,Silver,1197,5,43
569000,9,11471,Automatic,Red,998,5,35
570000,9,80000,Manual,Black,1498,5,52
575000,9,38000,Manual,Silver,1396,5,45
575000,9,62000,Manual,Blue,1248,5,37
585000,9,62591,Manual,Silver,1498,5,52
590000,9,77000,Manual,Silver,1598,5,48
595000,9,26357,Manual,Grey,1197,5,42
595000,9,80000,Automatic,Grey,1199,5,40
600000,9,70000,Manual,Silver,1498,5,40
600000,9,92000,Manual,White,1493,7,60
600000,9,99000,Manual,White,1461,5,50
620000,9,64906,Manual,Grey,1248,7,45
620000,9,85000,Manual,White,1598,5,48
625000,9,51330,Manual,Brown,1248,5,43
625000,9,68000,Automatic,White,1197,5,45
625000,9,72114,Manual,White,1396,5,45
635000,9,72200,Manual,Brown,1498,5,40
635000,9,92000,Manual,White,1248,5,43
640000,9,50800,Manual,White,1373,5,43
640000,9,52000,Manual,Blue,1248,5,48
640000,9,124000,Manual,Grey,1598,5,55
645000,9,45000,Manual,White,1591,5,43
650000,9,61181,Manual,White,1396,5,45
650000,9,76584,Manual,White,1461,5,50
650000,9,100000,Manual,Grey,1197,5,45
655000,9,38779,Manual,Blue,1197,5,37
669000,9,70000,Manual,Grey,1248,5,48
675000,9,45000,Manual,Red,1248,5,48
675000,9,49148,Automatic,Blue,1373,7,45
675000,9,50000,Manual,Grey,1248,5,48
675000,9,87693,Manual,Red,1497,5,40
685000,9,68500,Manual,Bronze,1497,5,40
690000,9,35000,Automatic,Grey,1461,5,50
690000,9,38000,Manual,Brown,1498,5,40
690000,9,65000,Manual,Grey,1461,5,50
695000,9,68921,Manual,Red,1248,5,37
695000,9,82445,Manual,Grey,1248,5,43
725000,9,42000,Manual,White,1582,5,43
725000,9,53000,Manual,Grey,1373,7,45
725000,9,57000,Manual,White,1248,5,43
725000,9,84000,Manual,White,1396,5,45
730000,9,51834,Manual,Grey,1497,5,40
740000,9,60125,Manual,Silver,1591,5,60
745000,9,38000,Manual,Silver,1497,5,40
745000,9,117048,Manual,Silver,1598,5,55
770000,9,20000,Automatic,White,1591,5,43
775000,9,42000,Automatic,Brown,1497,5,40
779000,9,9889,Manual,Blue,1197,5,45
790000,9,63088,Manual,White,1497,5,40
825000,9,45000,Automatic,White,1497,5,40
850000,9,72000,Manual,Red,1582,5,60
850000,9,90300,Manual,White,2179,7,70
850000,9,114000,Manual,White,2179,7,70
860000,9,57983,Manual,White,1591,5,60
865000,9,67000,Manual,White,1248,7,45
875000,9,62125,Manual,White,1582,5,60
885000,9,57983,Manual,White,1591,5,60
890000,9,88000,Automatic,Silver,1582,5,60
891000,9,47000,Manual,White,1591,5,60
900000,9,70000,Manual,Black,2696,7,78
925000,9,66000,Automatic,Black,1582,5,60
925000,9,150000,Manual,White,2179,8,60
944999,9,65321,Manual,White,2494,8,55
950000,9,73000,Automatic,Silver,1582,5,60
950000,9,86000,Manual,White,2179,7,70
951000,9,42000,Manual,White,2523,8,60
955000,9,110000,Automatic,Black,1997,7,70
960000,9,37079,Automatic,Red,1591,5,60
969999,9,39000,Manual,Blue,1248,7,45
994999,9,105000,Automatic,Grey,2179,7,70
1000000,9,33000,Manual,White,2179,7,70
1044999,9,78000,Manual,Black,1582,5,60
1075000,9,70000,Manual,White,1798,5,55
1095000,9,45000,Automatic,Black,1798,5,55
1300000,9,55000,Automatic,Grey,1798,5,50
1375000,9,75811,Manual,Black,2179,7,70
1475000,9,82000,Automatic,Grey,2477,7,70
1500000,9,70000,Automatic,White,1798,5,66
1525000,9,32000,Automatic,Red,1968,5,50
1600000,9,128000,Automatic,White,1995,5,62
1650000,9,139000,Automatic,White,1968,5,64
1679000,9,46000,Automatic,Blue,1995,5,57
1685000,9,80251,Automatic,Blue,1968,5,64
1725000,9,145000,Manual,White,2393,7,55
1798999,9,84700,Automatic,White,1968,5,64
1825000,9,58000,Automatic,White,2143,5,50
1825000,9,82567,Manual,White,2393,7,55
1850000,9,37600,Automatic,Red,2143,4,50
1850000,9,72000,Automatic,White,2755,7,55
1875000,9,40000,Automatic,White,1968,5,64
1950000,9,57057,Automatic,White,1968,5,63
1950000,9,79000,Automatic,White,2400,5,70
1950000,9,84878,Automatic,White,1968,5,64
2000000,9,6000,Automatic,Red,1984,5,60
2145000,9,55000,Automatic,White,2143,5,50
2150000,9,95401,Automatic,Black,1968,5,64
2199000,9,77000,Automatic,Black,1995,5,63
2225000,9,40500,Automatic,White,1968,5,50
2250000,9,40500,Automatic,White,1968,5,50
2250000,9,79000,Automatic,Red,2143,5,50
2275000,9,61109,Automatic,Brown,2143,5,50
2350000,9,75000,Automatic,White,2198,7,80
2400000,9,60000,Automatic,Black,1991,5,80
2400000,9,61159,Automatic,Black,1991,5,80
2425000,9,60000,Automatic,White,1968,5,75
2600000,9,39000,Automatic,White,1995,5,65
2675000,9,28000,Automatic,Silver,1991,5,66
2690000,9,43323,Automatic,Silver,2143,5,80
2690000,9,57000,Automatic,White,1968,5,75
2775000,9,48000,Automatic,Black,2143,5,66
2785000,9,120000,Automatic,Blue,2993,7,82
2800000,9,93000,Automatic,White,2755,7,80
2850000,9,7000,Automatic,White,2143,5,66
2850000,9,21200,Automatic,Silver,2143,5,66
3200000,9,55000,Automatic,Blue,1999,7,65
3400000,9,38000,Automatic,White,1995,5,65
3450000,9,29000,Automatic,Blue,2179,5,57
3500000,9,78000,Automatic,Red,1999,7,65
3750000,9,88000,Automatic,White,2967,7,75
3900000,9,20000,Automatic,Grey,1999,7,65
5000000,9,61000,Automatic,Grey,2987,5,93
5175000,9,65000,Automatic,Blue,2967,7,75
5350000,9,55700,Automatic,Silver,2967,5,85
5400000,9,16000,Automatic,White,2143,5,93
7200000,9,45000,Automatic,White,2993,5,77
11500000,9,27000,Automatic,Blue,4663,4,70
245000,10,72000,Manual,Silver,796,5,35
250000,10,62000,Manual,Maroon,796,5,35
260000,10,25862,Manual,Blue,998,5,35
270000,10,64000,Manual,Grey,1196,5,45
289000,10,78000,Manual,White,796,5,35
295000,10,31000,Manual,White,998,5,35
299000,10,92000,Manual,Brown,998,5,35
310000,10,45000,Manual,Brown,998,5,35
310000,10,67738,Manual,White,998,5,35
320000,10,64000,Manual,Blue,1196,5,40
325000,10,67738,Manual,White,998,5,35
345000,10,70000,Manual,Red,1498,5,45
360000,10,16205,Manual,White,998,5,32
365000,10,20100,Automatic,Red,998,5,35
370000,10,64000,Manual,Grey,998,5,35
375000,10,64000,Manual,Silver,998,5,35
375000,10,87500,Manual,Grey,1197,5,43
380000,10,55660,Manual,Grey,1197,5,43
390000,10,43297,Manual,Red,998,5,35
390000,10,49123,Manual,White,1197,5,35
390000,10,70000,Automatic,White,998,5,35
400000,10,41273,Manual,White,1495,5,45
400000,10,65000,Manual,Silver,1248,5,42
409999,10,54443,Automatic,White,998,5,35
409999,10,112000,Manual,White,1248,5,42
415000,10,42500,Manual,Brown,998,5,35
425000,10,11628,Manual,Black,1197,5,43
425000,10,36528,Manual,Blue,1248,5,42
425000,10,48000,Manual,Silver,1197,5,43
425000,10,75000,Manual,Black,1461,5,50
425000,10,80000,Manual,White,1197,5,42
430000,10,98112,Manual,Brown,1598,5,55
434999,10,32545,Manual,Silver,1197,5,45
445000,10,67580,Manual,White,998,5,35
450000,10,52000,Manual,White,1197,5,42
455000,10,69700,Automatic,Blue,1197,5,43
459999,10,55000,Manual,Silver,1248,5,42
465000,10,89000,Manual,Orange,1498,5,40
475000,10,48000,Manual,Grey,1197,5,37
475000,10,72000,Manual,White,1498,7,42
480000,10,49000,Manual,Grey,1497,5,40
490000,10,23103,Manual,White,1197,5,43
490000,10,50000,Manual,White,1198,5,45
490000,10,98000,Manual,White,1461,5,50
495000,10,13716,Manual,Silver,1197,5,42
495000,10,42000,Manual,Red,1591,5,43
495000,10,52000,Manual,Brown,1199,5,40
500000,10,50000,Manual,Silver,1248,5,42
500000,10,90000,Manual,White,1248,5,42
509999,10,42000,Manual,White,998,5,35
511000,10,45969,Manual,Silver,1373,5,43
515000,10,63587,Manual,Brown,1498,5,35
520000,10,42000,Automatic,White,1198,5,40
525000,10,39234,Manual,White,2523,7,60
525000,10,68244,Manual,Silver,1498,5,40
525000,10,68397,Manual,Gold,1197,5,45
525000,10,68766,Manual,Silver,1197,5,45
525000,10,80852,Automatic,Grey,1198,5,45
525000,10,85000,Manual,Green,2498,7,60
525000,10,114635,Manual,Grey,1498,5,40
529000,10,57654,Manual,White,1197,5,45
535000,10,28000,Manual,Silver,999,5,52
540000,10,38000,Manual,Gold,1373,5,43
540000,10,59000,Manual,Silver,1396,5,45
540000,10,76000,Manual,Red,1498,5,40
545000,10,42000,Automatic,White,1199,5,40
545000,10,70000,Manual,Silver,1197,5,42
549000,10,61900,Manual,Silver,1197,5,45
550000,10,33000,Manual,Red,1197,5,45
550000,10,44000,Manual,Grey,1497,5,40
550000,10,58078,Manual,Silver,1197,5,43
551000,10,47752,Manual,White,1197,5,45
561000,10,61000,Manual,Silver,1396,5,45
565000,10,65000,Manual,White,1396,5,45
570000,10,60798,Manual,White,1373,5,43
575000,10,48000,Manual,Red,1373,5,43
575000,10,50599,Manual,White,1197,5,42
575000,10,67000,Manual,White,1197,5,45
575000,10,85000,Manual,White,1461,5,50
585000,10,61000,Manual,Grey,1498,5,40
590000,10,39000,Manual,White,1373,5,43
590000,10,75258,Automatic,White,1497,5,40
590000,10,116592,Automatic,Brown,1497,5,40
591000,10,65000,Manual,White,1248,5,43
595000,10,43000,Manual,Silver,1498,5,52
595000,10,45000,Manual,White,1197,5,45
595000,10,72000,Manual,Brown,1497,5,40
598000,10,58200,Automatic,Silver,1591,5,43
599000,10,72000,Manual,Silver,1248,7,45
625000,10,45000,Manual,Grey,1248,7,45
625000,10,61000,Manual,White,1248,5,43
625000,10,65000,Manual,White,2498,6,60
625000,10,76000,Manual,White,1364,5,45
630000,10,115339,Manual,White,1493,7,60
640000,10,49000,Manual,White,1582,5,43
645000,10,58200,Automatic,Silver,1591,5,43
645000,10,64000,Manual,White,1498,5,40
650000,10,49776,Automatic,White,1493,7,60
650000,10,104000,Manual,White,2523,8,60
675000,10,48000,Manual,White,1498,7,42
685000,10,85000,Automatic,Grey,1498,5,55
690000,10,59000,Automatic,Silver,1497,5,40
690000,10,157662,Manual,Silver,1997,7,70
735000,10,121000,Manual,White,2179,7,70
740000,10,155000,Manual,Black,2179,7,55
765000,10,60240,Automatic,Brown,1197,5,55
770000,10,112000,Manual,Gold,1248,7,45
775000,10,82000,Manual,Red,1582,5,60
795000,10,86000,Manual,White,2523,8,60
800000,10,25000,Manual,Grey,2179,7,70
800000,10,90000,Manual,Silver,1582,5,60
819999,10,94580,Automatic,Black,1798,5,50
825000,10,75000,Automatic,Silver,2199,7,64
865000,10,43634,Manual,Silver,2494,7,55
871000,10,64000,Manual,White,1582,5,60
875000,10,67000,Manual,White,2179,8,60
875000,10,87000,Manual,White,2179,8,60
890000,10,138314,Manual,White,1582,5,60
894999,10,39780,Automatic,White,1798,5,55
899000,10,125000,Manual,Silver,2494,8,55
990000,10,98000,Manual,Gold,2494,7,55
1015000,10,68566,Automatic,White,1582,5,60
1075000,10,138000,Manual,Silver,2179,7,70
1130000,10,50000,Automatic,Brown,1997,5,58
1160000,10,47981,Automatic,Black,1968,5,50
1200000,10,50965,Automatic,White,1984,5,60
1350000,10,47706,Automatic,Black,1968,5,64
1350000,10,60000,Automatic,Black,1968,5,50
1485000,10,64120,Manual,White,2982,7,80
1513000,10,79000,Automatic,Blue,1968,5,64
1525000,10,49000,Automatic,Silver,1968,5,63
1595000,10,44000,Automatic,Blue,1984,5,60
1599000,10,92355,Automatic,Silver,2494,5,65
1600000,10,145000,Automatic,Gold,2982,7,80
1650000,10,75000,Automatic,White,2143,5,50
1689999,10,50000,Automatic,White,1984,5,60
1689999,10,82000,Automatic,White,1995,5,57
1691000,10,45000,Automatic,White,1991,5,50
1695000,10,60000,Automatic,White,1968,5,64
1750000,10,72000,Automatic,Black,2982,7,80
1750000,10,99000,Automatic,White,2143,5,50
1775000,10,80000,Automatic,Silver,1968,5,64
1789999,10,45000,Automatic,White,2143,5,50
1800000,10,86000,Automatic,White,2982,7,80
1850000,10,71700,Automatic,White,1968,5,64
1975000,10,61000,Automatic,White,1968,5,75
2149000,10,69000,Automatic,Silver,1995,5,65
2175000,10,152000,Automatic,White,1968,5,75
2225000,10,31000,Automatic,Blue,1991,5,66
2250000,10,43200,Automatic,Silver,1991,5,50
2250000,10,48000,Automatic,White,2143,5,80
2275000,10,78362,Automatic,Red,1995,5,60
2385000,10,60921,Automatic,Black,1991,5,66
2400000,10,100000,Automatic,Blue,1968,5,75
2450000,10,103000,Automatic,White,2143,5,70
2499000,10,50623,Automatic,Gold,2179,5,57
2500000,10,34303,Automatic,Yellow,1496,5,44
2550000,10,69500,Automatic,White,1968,5,75
2550000,10,70000,Automatic,Blue,1995,5,65
2600000,10,46000,Automatic,Black,2967,7,100
2682000,10,76345,Automatic,White,2997,5,70
3390000,10,91100,Automatic,Silver,2987,7,100
3700000,10,103890,Automatic,Black,2987,7,100
3900000,10,39000,Automatic,Black,2993,5,83
4200000,10,77000,Automatic,Black,2987,7,100
4900000,10,32000,Automatic,Blue,2967,4,90
5350000,10,58000,Automatic,White,2967,5,85
5500000,10,54000,Automatic,White,2987,5,70
180000,11,48000,Manual,Silver,796,5,35
200000,11,56000,Manual,White,1120,5,43
210000,11,42505,Manual,Red,796,5,35
210000,11,48000,Manual,Red,814,5,32
225000,11,47721,Manual,Red,1086,5,35
235000,11,82000,Manual,White,1399,5,45
245000,11,31100,Manual,Maroon,998,5,35
245000,11,79000,Manual,White,1197,5,43
249000,11,56843,Manual,White,796,5,35
250000,11,25000,Manual,White,814,5,32
250000,11,114000,Manual,White,998,5,35
270000,11,54420,Manual,Silver,998,5,35
270000,11,82682,Manual,White,998,5,35
275000,11,83000,Manual,White,814,5,32
295000,11,62500,Manual,Bronze,1498,5,35
299000,11,32000,Manual,Silver,1199,5,42
300000,11,40000,Manual,Silver,1197,5,45
310000,11,49000,Manual,Brown,1198,5,35
310000,11,82000,Manual,White,998,5,35
320000,11,54000,Manual,White,998,5,35
325000,11,43037,Manual,Silver,1198,5,35
325000,11,58000,Manual,Red,998,5,35
329000,11,76116,Automatic,Red,998,5,35
345000,11,19000,Automatic,Silver,998,5,35
350000,11,110000,Manual,Black,1498,5,35
350000,11,111000,Manual,Blue,1199,5,45
351000,11,39276,Manual,Red,1198,5,35
355000,11,68005,Manual,White,1197,5,42
365000,11,31000,Manual,White,1198,5,35
365000,11,75693,Manual,Grey,998,5,35
365000,11,76000,Manual,White,1197,5,43
375000,11,35000,Automatic,Red,998,5,35
375000,11,71000,Manual,Maroon,1248,5,45
385000,11,46000,Manual,Maroon,1197,5,45
390000,11,46000,Manual,Orange,1197,5,43
390000,11,49580,Manual,White,998,5,35
390000,11,57000,Manual,Grey,1197,5,43
390000,11,67000,Automatic,Red,1198,5,35
390000,11,81000,Manual,White,1120,5,43
395000,11,44527,Manual,Brown,1198,5,35
395000,11,47884,Automatic,Red,998,5,35
399000,11,74000,Manual,White,1197,5,43
399000,11,88000,Automatic,Silver,1598,5,55
400000,11,64000,Manual,White,1248,5,42
400000,11,78000,Manual,White,2179,8,60
409999,11,20000,Manual,Grey,1197,5,42
409999,11,55000,Manual,Silver,1197,5,43
409999,11,55000,Manual,Grey,1197,5,42
409999,11,68000,Manual,Silver,1396,5,45
415000,11,57402,Manual,Grey,1197,5,42
415000,11,62000,Manual,Silver,1582,5,43
415000,11,70000,Manual,White,1461,5,50
416000,11,60116,Automatic,Grey,998,5,35
425000,11,24000,Automatic,Beige,1598,5,55
425000,11,53610,Manual,White,1198,5,35
425000,11,58600,Manual,Red,1198,5,35
425000,11,72000,Manual,White,1461,5,50
425000,11,74000,Manual,Silver,1461,5,50
425000,11,75000,Manual,White,1498,5,40
425000,11,75000,Manual,Brown,1498,5,35
425000,11,89000,Manual,White,1248,5,42
430000,11,59000,Manual,Blue,1197,5,42
434999,11,50000,Automatic,White,1199,5,35
434999,11,79081,Manual,Grey,1598,5,55
436000,11,37959,Automatic,White,1197,5,43
445000,11,38985,Manual,Silver,1498,5,52
445000,11,75000,Manual,White,1461,5,50
450000,11,23000,Manual,Brown,1197,5,45
450000,11,48000,Automatic,Silver,998,5,35
450000,11,48409,Manual,White,1497,5,40
450000,11,52000,Manual,Silver,1197,5,42
450000,11,75000,Manual,White,1248,5,42
450000,11,85000,Manual,Silver,1461,5,50
455000,11,30183,Manual,Grey,1197,5,42
455000,11,50000,Manual,White,1499,5,52
465000,11,25704,Manual,Red,1197,5,42
465000,11,29442,Automatic,Silver,1198,5,35
465000,11,65000,Manual,White,1197,5,42
465000,11,75000,Manual,White,1197,5,42
465000,11,82000,Manual,Silver,1364,5,45
475000,11,61866,Automatic,White,1197,5,43
475000,11,62000,Manual,Silver,1591,5,43
475000,11,65000,Manual,Silver,1198,5,35
475000,11,72900,Automatic,Blue,1591,5,43
475000,11,73265,Automatic,White,1998,5,60
480000,11,115000,Manual,White,1498,5,52
490000,11,56918,Automatic,Blue,1198,5,41
499000,11,88000,Automatic,Black,1498,5,55
499000,11,140000,Manual,White,1498,5,40
500000,11,62000,Manual,Brown,1498,5,45
515000,11,141334,Manual,White,1248,5,42
525000,11,43550,Manual,Orange,1198,5,45
525000,11,48000,Manual,Silver,1461,5,50
525000,11,64000,Manual,White,1582,5,43
525000,11,102000,Manual,Grey,1197,5,42
540000,11,86000,Manual,Silver,1582,5,43
545000,11,56000,Manual,Red,1591,5,43
545000,11,74000,Manual,Grey,1582,5,43
549000,11,42000,Automatic,Bronze,1498,5,55
550000,11,65000,Manual,Brown,1461,5,50
550000,11,75000,Manual,Maroon,1396,5,45
550000,11,85000,Manual,Silver,1498,5,40
550000,11,89000,Manual,White,1248,5,42
565000,11,68000,Manual,White,1582,5,43
565000,11,72782,Manual,Grey,1198,5,45
565000,11,100472,Manual,White,1948,7,65
590000,11,55000,Manual,Grey,1461,5,50
590000,11,86000,Manual,White,1248,5,42
595000,11,65123,Manual,Black,1582,5,43
600000,11,53213,Manual,White,1248,7,45
600000,11,75574,Manual,Others,1497,5,40
600000,11,83000,Manual,White,2179,8,60
625000,11,54000,Manual,Grey,1498,5,45
625000,11,80000,Automatic,White,1582,5,56
642000,11,53693,Manual,Others,1373,7,60
675000,11,78000,Manual,White,2179,8,60
680000,11,85000,Manual,White,1364,5,50
690000,11,37000,Manual,White,1497,5,40
700000,11,64000,Manual,White,1797,5,56
725000,11,104814,Manual,Grey,1798,5,55
750000,11,126000,Manual,Silver,2494,7,55
775000,11,125000,Manual,White,2179,8,60
795000,11,53000,Automatic,White,1798,5,60
850000,11,85000,Automatic,Black,2953,7,71
875000,11,99000,Automatic,White,2199,7,64
875000,11,100000,Manual,Red,2179,8,60
890000,11,63000,Automatic,Grey,1798,5,55
1000000,11,158690,Manual,Silver,2494,7,55
1150000,11,39000,Automatic,White,1595,5,50
1150000,11,99000,Manual,Silver,2179,8,60
1175000,11,87938,Automatic,White,2199,7,64
1290000,11,85000,Manual,Silver,2494,7,55
1300000,11,51000,Automatic,Gold,1968,5,64
1350000,11,80000,Automatic,White,1595,4,50
1380000,11,100000,Automatic,Black,1968,5,63
1390000,11,85900,Automatic,Brown,1968,5,50
1400000,11,35000,Automatic,Brown,1995,5,60
1400000,11,143000,Automatic,White,2982,7,80
1450000,11,33000,Automatic,Red,1968,5,65
1450000,11,45000,Automatic,White,2143,5,66
1450000,11,58000,Automatic,Black,1968,5,65
1450000,11,71796,Automatic,Blue,1968,5,64
1489000,11,81000,Automatic,Purple,1995,5,47
1495000,11,85000,Automatic,White,2982,7,80
1500000,11,69000,Automatic,Blue,1968,5,65
1525000,11,72000,Automatic,White,2982,7,80
1575000,11,15000,Automatic,Red,1968,5,63
1650000,11,53089,Automatic,Silver,1796,5,80
1650000,11,55000,Automatic,White,1968,5,50
1675000,11,211000,Manual,White,2982,7,80
1700000,11,78000,Automatic,Brown,1968,5,75
1750000,11,59000,Automatic,Brown,2143,5,80
1750000,11,69000,Automatic,White,1995,5,65
1750000,11,101000,Automatic,White,2982,7,80
1775000,11,75000,Automatic,White,1968,5,65
1800000,11,19868,Automatic,White,1968,5,65
1800000,11,76529,Automatic,Blue,1968,5,50
1950000,11,24000,Automatic,Red,1496,5,44
1950000,11,82000,Automatic,White,1995,5,67
1975000,11,123000,Manual,White,2982,7,80
2150000,11,81000,Automatic,Grey,2987,5,95
2200000,11,95000,Automatic,White,2967,7,100
2250000,11,85000,Automatic,White,2143,5,70
2300000,11,105101,Automatic,White,2143,5,70
2400000,11,42533,Automatic,Blue,2967,7,100
2450000,11,48600,Automatic,Blue,2967,6,100
2450000,11,65000,Automatic,White,2997,5,70
2450000,11,80000,Automatic,White,2143,5,66
2600000,11,94000,Automatic,White,2997,5,70
3150000,11,66500,Automatic,White,2993,5,83
3200000,11,60513,Automatic,Silver,2997,5,70
3200000,11,60514,Automatic,Silver,2987,5,95
3300000,11,25000,Automatic,Brown,2967,6,100
3500000,11,160000,Automatic,Blue,4806,5,100
3600000,11,32000,Automatic,Brown,2993,5,83
4000000,11,39394,Automatic,White,1984,2,60
5375000,11,80000,Automatic,White,2993,5,77
5900000,11,70000,Automatic,Grey,2993,5,77
6000000,11,82000,Automatic,White,2993,5,77
190000,12,63000,Manual,White,814,5,32
190000,12,66000,Manual,White,995,5,38
200000,12,57000,Manual,White,1086,5,35
225000,12,87000,Manual,Grey,1399,5,45
234000,12,72600,Manual,White,998,5,35
240000,12,51500,Manual,Maroon,1493,7,55
240000,12,64000,Manual,White,998,5,32
240000,12,73000,Manual,Silver,1196,5,45
249000,12,60000,Manual,Red,1493,7,55
250000,12,82461,Manual,Red,814,5,32
260000,12,89000,Manual,Silver,998,5,35
275000,12,34000,Manual,Blue,814,5,32
275000,12,76000,Manual,White,1086,5,35
275000,12,85785,Manual,Silver,1248,5,43
280000,12,99000,Manual,White,1461,5,50
285000,12,25200,Manual,White,998,5,35
285000,12,72000,Manual,Silver,1498,5,52
295000,12,74000,Manual,Maroon,1498,5,43
297000,12,84000,Manual,White,1248,5,50
299000,12,46000,Manual,White,998,5,35
299000,12,47000,Manual,Silver,1197,5,42
299000,12,64983,Manual,Red,1399,5,45
299000,12,90000,Manual,Blue,1364,5,45
300000,12,75000,Manual,Silver,1364,5,45
315000,12,45000,Manual,Grey,998,5,32
315000,12,72000,Manual,Brown,998,5,35
319000,12,47800,Manual,Red,796,5,35
325000,12,15780,Manual,Red,1197,5,35
325000,12,23086,Manual,Grey,1197,5,43
325000,12,46721,Automatic,Silver,1197,5,35
325000,12,51000,Manual,Grey,1461,5,41
325000,12,53000,Manual,Red,1198,5,45
325000,12,76000,Manual,White,1598,5,45
335000,12,64418,Automatic,Silver,1198,5,35
335000,12,78301,Automatic,Grey,1197,5,35
340000,12,66000,Manual,White,1197,5,42
340000,12,98500,Manual,Silver,1336,5,45
350000,12,34000,Manual,Black,1197,5,45
350000,12,45000,Manual,White,998,5,35
350000,12,78000,Manual,White,1598,5,55
351000,12,42000,Manual,White,1248,5,42
360000,12,58000,Manual,Bronze,1598,5,55
360000,12,92000,Manual,Grey,1461,5,41
360000,12,95610,Manual,White,1336,5,45
365000,12,68000,Manual,Blue,1197,5,42
365000,12,78000,Manual,Silver,1199,5,45
370000,12,41000,Automatic,White,1197,5,35
375000,12,29135,Manual,White,1197,5,45
375000,12,34000,Automatic,Red,1197,5,35
375000,12,39000,Manual,Red,1198,5,45
375000,12,86000,Manual,Purple,1497,5,42
375000,12,97000,Manual,Black,2179,7,55
380000,12,35000,Manual,Grey,1461,5,41
380000,12,57000,Automatic,White,1197,5,35
385000,12,65000,Manual,White,1198,5,45
385000,12,72000,Manual,Grey,1461,5,50
385000,12,72567,Manual,White,1498,5,35
385000,12,79287,Manual,White,1197,5,45
390000,12,62000,Manual,Silver,1461,5,67
399000,12,54000,Manual,Orange,1498,5,52
400000,12,71000,Manual,Grey,1582,5,43
400000,12,76000,Manual,White,1497,5,42
425000,12,26000,Manual,White,1248,5,42
425000,12,57000,Automatic,White,1598,5,55
425000,12,79500,Manual,Silver,1498,5,35
425000,12,96000,Manual,White,2179,7,55
434999,12,117000,Manual,White,2179,8,60
450000,12,61000,Manual,Maroon,1497,5,42
459999,12,77000,Manual,White,1248,7,45
459999,12,78000,Manual,White,1582,5,43
470000,12,66000,Manual,Grey,1582,5,43
484999,12,78000,Manual,White,1199,5,45
484999,12,87000,Manual,White,1582,5,45
484999,12,107000,Manual,White,1582,5,43
500000,12,65000,Manual,Brown,1497,5,42
500000,12,135000,Manual,Black,2179,7,70
530000,12,75000,Manual,White,1498,5,52
545000,12,63000,Automatic,Silver,1797,5,56
545000,12,110000,Manual,Silver,1598,5,55
547000,12,36623,Manual,Silver,1591,5,43
550000,12,47000,Manual,Black,1499,5,52
560000,12,37000,Manual,Gold,1248,5,42
575000,12,72000,Manual,White,2179,7,55
575000,12,82000,Manual,Gold,1998,8,55
621000,12,72000,Manual,Blue,1248,7,45
625000,12,170000,Manual,White,2179,8,60
645000,12,17000,Manual,White,1797,5,56
645000,12,76000,Manual,Grey,2494,7,55
650000,12,83466,Automatic,White,2199,7,70
671000,12,47000,Manual,White,2179,8,60
675000,12,106223,Automatic,White,2696,7,78
740000,12,83555,Manual,Black,2179,7,70
975000,12,72000,Automatic,Silver,2696,7,78
975000,12,102000,Automatic,White,2143,5,66
1075000,12,125000,Automatic,White,2982,7,80
1150000,12,52000,Automatic,Silver,1595,5,50
1175000,12,50000,Automatic,White,1968,5,63
1250000,12,71141,Automatic,Silver,1984,5,60
1300000,12,50300,Automatic,Green,1995,5,47
1300000,12,95000,Manual,Blue,2477,7,70
1375000,12,83000,Manual,White,2982,7,80
1375000,12,97000,Manual,White,2982,7,80
1375000,12,102000,Automatic,White,1995,5,57
1395000,12,65000,Automatic,Black,1995,5,57
1400000,12,60000,Automatic,Grey,1968,5,65
1420000,12,117000,Automatic,Black,1968,5,64
1450000,12,70000,Automatic,Blue,1995,5,60
1450000,12,170669,Automatic,White,2982,7,80
1550000,12,104264,Automatic,Red,1995,5,57
1575000,12,66000,Automatic,White,1968,5,63
1600000,12,80000,Automatic,Blue,2993,5,65
1650000,12,58000,Automatic,Silver,2143,5,66
1750000,12,95000,Manual,White,2982,7,80
1850000,12,44087,Automatic,White,1968,5,64
2300000,12,110000,Automatic,Red,2179,5,57
2390000,12,107021,Automatic,White,2987,7,100
2550000,12,65000,Automatic,White,2995,5,83
114999,13,93000,Manual,Silver,1368,5,44
185000,13,37000,Manual,Red,998,5,35
185000,13,55700,Manual,Silver,814,5,32
210000,13,85000,Manual,White,2489,7,55
215000,13,20000,Manual,Grey,814,5,32
220000,13,54000,Manual,Brown,998,5,35
225000,13,26000,Manual,White,1086,5,35
225000,13,56000,Manual,Grey,814,5,32
225000,13,57000,Manual,Silver,998,5,35
225000,13,69000,Manual,Silver,1598,5,45
229999,13,52000,Manual,White,998,5,35
235000,13,35000,Manual,Green,998,5,28
235000,13,37000,Manual,Brown,998,5,35
250000,13,48568,Manual,White,1086,5,35
250000,13,54556,Manual,White,1197,5,35
250000,13,68000,Manual,White,998,5,35
254999,13,17000,Manual,Silver,1086,5,35
254999,13,18954,Manual,White,1086,5,35
260000,13,54000,Manual,Bronze,998,5,35
270000,13,41200,Manual,Silver,1197,5,35
275000,13,30000,Manual,White,998,5,32
290000,13,12300,Manual,Blue,998,5,35
315000,13,57000,Manual,White,1498,5,41
315000,13,75000,Manual,White,1197,5,35
325000,13,30000,Manual,Blue,1197,5,42
325000,13,68000,Manual,White,1197,5,42
325000,13,70000,Manual,White,2489,8,55
325000,13,118000,Manual,White,1586,5,50
350000,13,55000,Manual,Blue,998,5,35
350000,13,85000,Manual,Silver,1498,5,40
350000,13,89445,Manual,Grey,1248,5,43
350000,13,130000,Manual,White,1598,5,55
375000,13,80350,Manual,Silver,1497,5,42
375000,13,82000,Manual,White,1336,5,45
380000,13,53000,Manual,Grey,1591,5,43
425000,13,70000,Manual,White,1582,5,43
425000,13,78000,Manual,White,1248,7,45
434999,13,76148,Manual,Silver,1396,5,45
445000,13,54948,Manual,Silver,1248,5,43
445000,13,111000,Manual,Red,1497,5,42
475000,13,40000,Automatic,Red,1497,5,42
475000,13,74000,Automatic,White,1991,7,65
484999,13,102000,Manual,Grey,2179,7,70
493000,13,28732,Manual,Silver,1798,5,55
495000,13,65001,Automatic,Red,1497,5,42
499000,13,96506,Manual,Silver,1497,5,42
500000,13,86288,Manual,Black,1598,5,55
549000,13,143000,Manual,Silver,2179,7,70
650000,13,143477,Manual,Gold,2494,7,55
810000,13,47531,Manual,White,2179,7,70
960000,13,222000,Manual,Silver,2494,7,55
994999,13,89311,Automatic,White,1984,5,67.5
1090000,13,65000,Automatic,Silver,1995,5,67
1175000,13,77000,Automatic,Blue,1968,5,65
1199000,13,12749,Manual,Grey,2982,7,80
1225000,13,97000,Manual,White,2982,7,80
1250000,13,78000,Automatic,White,2143,5,66
1275000,13,101000,Automatic,Brown,2143,5,80
1290000,13,121000,Manual,Gold,2982,7,80
1300000,13,64800,Automatic,Silver,1796,5,66
1325000,13,98580,Automatic,White,1968,5,65
1350000,13,72000,Automatic,White,1968,5,64
1350000,13,72000,Automatic,White,2987,5,80
1375000,13,98352,Manual,White,2982,7,80
1390000,13,69500,Automatic,Blue,1968,5,64
1490000,13,40000,Automatic,Black,1968,5,75
1490000,13,42000,Automatic,Brown,1968,5,65
1650000,13,44000,Automatic,Silver,5461,5,90
1650000,13,240000,Automatic,White,2967,5,75
1800000,13,74073,Automatic,Black,1995,5,67
2150000,13,95000,Automatic,White,2179,5,57
2475000,13,118000,Automatic,Black,2967,7,100
2485000,13,44724,Automatic,White,3496,7,80
2600000,13,42000,Automatic,White,2967,5,65
3650000,13,25500,Automatic,Blue,4163,5,64
20000000,13,55000,Automatic,White,6592,5,82.5
150000,14,65000,Manual,White,796,5,35
155000,14,90342,Manual,White,796,5,35
160000,14,72000,Manual,Silver,998,5,35
160000,14,89000,Manual,Maroon,1248,5,43
195000,14,75000,Manual,White,1248,5,43
199000,14,192326,Manual,White,2179,7,65
200000,14,51000,Manual,Orange,998,5,35
220000,14,67000,Manual,Maroon,1197,5,35
227000,14,87513,Manual,Blue,796,5,35
229999,14,41215,Manual,Silver,936,5,35
235000,14,54000,Manual,Black,1368,5,45
235000,14,135000,Manual,White,1582,5,43
250000,14,53000,Manual,White,1197,5,35
250000,14,55000,Manual,Silver,1497,5,42
250000,14,64000,Manual,Grey,1197,5,35
250999,14,98000,Manual,Silver,2179,7,65
260000,14,90000,Manual,White,1248,5,42
265000,14,41000,Manual,Brown,998,5,35
265000,14,66000,Manual,Black,1496,5,45
275000,14,42000,Manual,Grey,1197,5,35
275000,14,42000,Manual,White,998,5,28
275000,14,65000,Manual,Silver,1248,5,43
275000,14,65000,Manual,White,1248,5,42
280000,14,54000,Manual,Silver,998,5,35
280000,14,69276,Manual,Gold,998,5,35
285000,14,52000,Manual,Brown,998,5,35
290000,14,91000,Manual,White,1197,5,35
295000,14,87230,Manual,Silver,1248,5,43
300000,14,49200,Manual,Silver,1496,5,45
301000,14,28513,Manual,Others,1197,5,42
310000,14,26000,Automatic,Silver,1396,5,45
315000,14,38091,Manual,Red,1197,5,45
320000,14,75000,Manual,Purple,1991,5,60
325000,14,89000,Automatic,Silver,1497,5,42
325000,14,101347,Manual,Red,1496,5,45
340000,14,109000,Manual,White,1794,5,55
350000,14,21000,Manual,Red,1197,5,35
375000,14,77000,Manual,Silver,1794,5,55
375000,14,78000,Manual,Bronze,1497,5,42
375000,14,120000,Manual,Silver,1248,5,42
385000,14,69000,Manual,Silver,1197,5,42
385000,14,73000,Manual,Grey,1591,5,43
400000,14,80000,Manual,Silver,1991,5,60
450000,14,95000,Automatic,White,1794,5,55
450000,14,95000,Manual,White,2179,8,60
475000,14,72000,Automatic,Gold,2354,5,70
550000,14,69000,Automatic,Black,1497,5,42
580000,14,117000,Manual,White,2179,7,60
625000,14,40000,Manual,White,2835,5,92
675000,14,97000,Automatic,Black,2143,5,66
750000,14,117000,Manual,White,2982,7,80
850000,14,85000,Automatic,White,2143,5,90
950000,14,65000,Automatic,Black,1991,5,80
975000,14,75000,Automatic,Silver,1968,5,63
980000,14,78000,Automatic,White,2497,5,80
1100000,14,51500,Automatic,Black,2143,5,66
1375000,14,62000,Automatic,White,1968,5,63
1495000,14,72100,Automatic,Red,2987,5,90
1850000,14,26000,Automatic,Black,3498,5,90
1875000,14,72000,Automatic,Silver,4663,4,80
2900000,14,56000,Automatic,Red,4163,5,64
18000000,14,60000,Automatic,Maroon,6592,5,82.5
20000000,14,27000,Automatic,Blue,6592,5,82.5
49000,15,60000,Manual,White,624,4,15
169000,15,18500,Manual,Gold,796,5,35
185000,15,64000,Manual,Silver,1586,5,50
190000,15,60000,Manual,White,1197,5,35
195000,15,32000,Manual,Silver,1198,5,42
220000,15,62000,Manual,Brown,998,5,35
229999,15,72000,Manual,Silver,1298,5,43
240000,15,72000,Manual,White,1399,5,45
245000,15,95000,Automatic,Grey,1497,5,42
269000,15,73000,Manual,Silver,1497,5,42
270000,15,86000,Manual,Grey,1197,5,35
295000,15,33000,Manual,Grey,1298,5,43
295000,15,78000,Manual,White,1497,5,42
300000,15,83359,Manual,White,1799,5,50
325000,15,56000,Automatic,Gold,1497,5,42
325000,15,82202,Manual,White,1248,5,43
365000,15,58424,Manual,Gold,1497,5,42
555000,15,261236,Manual,Silver,1998,8,55
750000,15,112000,Automatic,Blue,1995,5,70
825000,15,114000,Manual,Black,2982,7,80
1000000,15,67000,Automatic,Silver,1798,5,63
1000000,15,127000,Manual,White,2982,7,80
1150000,15,120000,Automatic,Silver,2987,5,80
1195000,15,74000,Automatic,Silver,2497,5,70
2400000,15,34105,Automatic,Grey,1796,2,70
