Depth,Temperature,Oxygen,Irradiance,Salinity
0.5,16.508,5.83945,6.04E+01,35.7685
1,16.5315,5.85881,5.70E+01,35.7679
1.5,16.5183,5.88355,5.30E+01,35.7681
2,16.4921,5.87417,5.13E+01,35.7685
2.5,16.4626,5.86818,5.03E+01,35.7688
3,16.4265,5.87387,5.00E+01,35.7691
3.5,16.375,5.88675,5.01E+01,35.7696
4,16.2956,5.89546,5.05E+01,35.7705
4.5,16.2389,5.90201,5.08E+01,35.771
5,16.1958,5.91179,5.10E+01,35.7712
5.5,16.1623,5.91522,5.10E+01,35.7712
6,16.1334,5.91667,5.10E+01,35.7712
6.5,16.1058,5.91724,5.08E+01,35.7711
7,16.0827,5.91745,5.07E+01,35.7711
7.5,16.0613,5.92003,5.03E+01,35.7709
8,16.0408,5.91085,4.98E+01,35.7708
8.5,16.0208,5.89672,4.89E+01,35.7709
9,15.9993,5.87769,4.76E+01,35.7715
9.5,15.9797,5.86991,4.62E+01,35.7726
10,15.9588,5.86725,4.45E+01,35.7742
10.5,15.9363,5.85697,4.25E+01,35.7761
11,15.9145,5.82633,4.06E+01,35.7783
11.5,15.8962,5.79563,3.91E+01,35.78
12,15.8778,5.77086,3.76E+01,35.7818
12.5,15.859,5.75133,3.62E+01,35.7836
13,15.8401,5.73801,3.48E+01,35.7854
13.5,15.8201,5.72574,3.35E+01,35.7873
14,15.7989,5.71469,3.21E+01,35.7893
14.5,15.7754,5.70246,3.07E+01,35.7915
15,15.7451,5.68505,2.89E+01,35.7944
15.5,15.7124,5.66414,2.72E+01,35.7975
16,15.6781,5.63962,2.56E+01,35.8007
16.5,15.6466,5.61793,2.42E+01,35.8035
17,15.6194,5.59662,2.31E+01,35.8058
17.5,15.5913,5.57926,2.20E+01,35.808
18,15.5596,5.56678,2.09E+01,35.8105
18.5,15.5221,5.55659,1.97E+01,35.8135
19,15.4793,5.53916,1.84E+01,35.8168
19.5,15.4302,5.52086,1.71E+01,35.8205
20,15.3673,5.49807,1.57E+01,35.8252
20.5,15.3124,5.48783,1.46E+01,35.8292
21,15.2565,5.4883,1.37E+01,35.8333
21.5,15.2074,5.48973,1.30E+01,35.837
22,15.1579,5.47442,1.23E+01,35.8406
22.5,15.1052,5.44885,1.17E+01,35.8445
23,15.0538,5.42077,1.11E+01,35.8483
23.5,15.0036,5.39785,1.05E+01,35.8523
24,14.9543,5.37769,1.00E+01,35.8562
24.5,14.9067,5.35699,9.58E+00,35.86
25,14.8611,5.33828,9.17E+00,35.8638
25.5,14.8175,5.31899,8.81E+00,35.8674
26,14.7676,5.30293,8.42E+00,35.8715
26.5,14.7189,5.29014,8.07E+00,35.8754
27,14.6661,5.27302,7.71E+00,35.8797
27.5,14.5981,5.24589,7.28E+00,35.8851
28,14.5347,5.22022,6.90E+00,35.8899
28.5,14.4708,5.20118,6.53E+00,35.8943
29,14.3998,5.17827,6.12E+00,35.8989
29.5,14.3338,5.15756,5.74E+00,35.9026
30,14.2662,5.1356,5.35E+00,35.9062
30.5,14.2268,5.12185,5.12E+00,35.9083
31,14.1926,5.1077,4.93E+00,35.91
31.5,14.1639,5.09049,4.76E+00,35.9113
32,14.1377,5.06958,4.60E+00,35.9125
32.5,14.113,5.05044,4.45E+00,35.9136
33,14.0895,5.04172,4.29E+00,35.9146
33.5,14.0701,5.03927,4.16E+00,35.9156
34,14.0511,5.04141,4.01E+00,35.9167
34.5,14.0352,5.04352,3.87E+00,35.9177
35,14.0219,5.0446,3.74E+00,35.9185
35.5,14.0086,5.03991,3.59E+00,35.9196
36,13.997,5.02723,3.41E+00,35.9206
36.5,13.9908,5.02204,3.29E+00,35.9211
37,13.9863,5.02048,3.19E+00,35.9214
37.5,13.9825,5.01995,3.10E+00,35.9217
38,13.9791,5.01984,3.00E+00,35.9218
38.5,13.9754,5.02004,2.90E+00,35.9219
39,13.9719,5.02496,2.80E+00,35.922
39.5,13.9679,5.02787,2.69E+00,35.9221
40,13.9638,5.0283,2.58E+00,35.9222
40.5,13.9599,5.02575,2.49E+00,35.9222
41,13.9556,5.02446,2.40E+00,35.9223
41.5,13.9503,5.02525,2.31E+00,35.9223
42,13.9437,5.02664,2.22E+00,35.9222
42.5,13.9342,5.03187,2.12E+00,35.9222
43,13.925,5.03337,2.04E+00,35.922
43.5,13.9151,5.03341,1.97E+00,35.9217
44,13.9049,5.02901,1.91E+00,35.9214
44.5,13.8931,5.03176,1.84E+00,35.9209
45,13.8804,5.03219,1.78E+00,35.9204
45.5,13.8673,5.03153,1.72E+00,35.9198
46,13.8537,5.03022,1.67E+00,35.9191
46.5,13.8394,5.0276,1.61E+00,35.9183
47,13.8216,5.02471,1.55E+00,35.9173
47.5,13.8022,5.02292,1.48E+00,35.9161
48,13.7822,5.01855,1.42E+00,35.9146
48.5,13.7598,5.01789,1.37E+00,35.9127
49,13.739,5.02083,1.32E+00,35.9108
49.5,13.7178,5.02204,1.27E+00,35.9087
50,13.6949,5.0229,1.22E+00,35.9063
50.5,13.6702,5.02251,1.17E+00,35.9037
51,13.6459,5.02391,1.13E+00,35.901
51.5,13.6243,5.02531,1.09E+00,35.8985
52,13.6055,5.02163,1.05E+00,35.8963
52.5,13.5885,5.01755,1.02E+00,35.8942
53,13.5738,5.01931,9.92E-01,35.8924
53.5,13.5621,5.01753,9.67E-01,35.8911
54,13.5526,5.01899,9.46E-01,35.8899
54.5,13.5423,5.01842,9.20E-01,35.8886
55,13.5312,5.02064,8.89E-01,35.8873
55.5,13.521,5.01825,8.55E-01,35.8862
56,13.513,5.01422,8.21E-01,35.8854
56.5,13.5082,5.01155,7.92E-01,35.885
57,13.505,5.01311,7.62E-01,35.8847
57.5,13.5028,5.01391,7.34E-01,35.8845
58,13.5009,5.01635,7.06E-01,35.8844
58.5,13.4987,5.01972,6.80E-01,35.8842
59,13.4961,5.02211,6.55E-01,35.8841
59.5,13.493,5.02334,6.31E-01,35.8839
60,13.4901,5.02052,6.11E-01,35.8837
60.5,13.4872,5.01722,5.94E-01,35.8834
61,13.4842,5.01171,5.78E-01,35.8832
61.5,13.4811,5.0069,5.64E-01,35.8829
62,13.4777,5.00533,5.50E-01,35.8827
62.5,13.4741,5.00679,5.38E-01,35.8823
63,13.4704,5.00689,5.25E-01,35.8819
63.5,13.4659,5.00896,5.12E-01,35.8817
64,13.4606,5.01009,4.97E-01,35.8812
64.5,13.4535,5.01118,4.79E-01,35.8807
65,13.4442,5.01267,4.57E-01,35.8801
65.5,13.4329,5.01126,4.34E-01,35.8793
66,13.4223,5.0097,4.16E-01,35.8784
66.5,13.4125,5.01344,4.01E-01,35.8774
67,13.4025,5.01812,3.88E-01,35.8764
67.5,13.3933,5.01987,3.76E-01,35.8755
68,13.3848,5.0193,3.66E-01,35.8744
68.5,13.3761,5.01981,3.56E-01,35.8735
69,13.3667,5.01658,3.47E-01,35.8724
69.5,13.3581,5.01487,3.38E-01,35.8714
70,13.3504,5.01344,3.30E-01,35.8704
70.5,13.3422,5.01345,3.22E-01,35.8693
71,13.334,5.01383,3.14E-01,35.8683
71.5,13.3259,5.01277,3.06E-01,35.8672
72,13.3176,5.01185,2.98E-01,35.8661
72.5,13.3078,5.01471,2.89E-01,35.8648
73,13.2962,5.01631,2.78E-01,35.8633
73.5,13.2841,5.01899,2.67E-01,35.8618
74,13.2712,5.02399,2.55E-01,35.8601
74.5,13.262,5.02816,2.46E-01,35.859
75,13.2555,5.02903,2.39E-01,35.858
75.5,13.2499,5.02953,2.33E-01,35.8571
76,13.2447,5.02929,2.27E-01,35.8563
76.5,13.2393,5.03049,2.21E-01,35.8554
77,13.2319,5.03277,2.13E-01,35.8544
77.5,13.2239,5.03593,2.05E-01,35.8533
78,13.2166,5.03774,1.97E-01,35.8522
78.5,13.2096,5.03445,1.90E-01,35.8512
79,13.2033,5.03403,1.84E-01,35.8503
79.5,13.1976,5.03366,1.79E-01,35.8494
80,13.1925,5.03369,1.74E-01,35.8486
80.5,13.1875,5.03362,1.70E-01,35.8479
81,13.1821,5.03444,1.66E-01,35.847
81.5,13.1762,5.03413,1.61E-01,35.8461
82,13.1696,5.03255,1.56E-01,35.845
82.5,13.1611,5.03258,1.51E-01,35.8438
83,13.1515,5.03336,1.45E-01,35.8424
83.5,13.1422,5.03429,1.39E-01,35.841
84,13.1323,5.03199,1.34E-01,35.8396
84.5,13.1238,5.03103,1.29E-01,35.8384
85,13.1169,5.02908,1.26E-01,35.8373
85.5,13.1109,5.02889,1.22E-01,35.8364
86,13.1049,5.02833,1.19E-01,35.8355
86.5,13.099,5.02722,1.16E-01,35.8345
87,13.0924,5.02706,1.13E-01,35.8335
87.5,13.0856,5.02471,1.10E-01,35.8325
88,13.0791,5.02281,1.06E-01,35.8317
88.5,13.0732,5.01816,1.03E-01,35.8308
89,13.0676,5.01565,9.97E-02,35.83
89.5,13.0626,5.01338,9.68E-02,35.8292
90,13.0582,5.01247,9.40E-02,35.8286
90.5,13.0533,5.01251,9.09E-02,35.8279
91,13.0481,5.01148,8.77E-02,35.8272
91.5,13.0421,5.01381,8.38E-02,35.8263
92,13.0363,5.01237,8.00E-02,35.8256
92.5,13.0317,5.01127,7.70E-02,35.8249
93,13.028,5.0121,7.45E-02,35.8243
93.5,13.0248,5.01139,7.23E-02,35.8238
94,13.0213,5.00993,6.99E-02,35.8233
94.5,13.0181,5.0084,6.77E-02,35.8228
95,13.0153,5.00876,6.56E-02,35.8223
95.5,13.0126,5.01053,6.36E-02,35.8219
96,13.0096,5.01304,6.12E-02,35.8215
96.5,13.0063,5.0142,5.85E-02,35.821
97,13.0029,5.01341,5.55E-02,35.8207
97.5,13.0005,5.01223,5.31E-02,35.8203
98,12.9985,5.00978,5.11E-02,35.82
98.5,12.9965,5.01038,4.90E-02,35.8198
99,12.9946,5.01094,4.69E-02,35.8194
99.5,12.9927,5.01199,4.49E-02,35.8192
100,12.9906,5.01278,4.27E-02,35.8189
100.5,12.988,5.01321,4.03E-02,35.8186
101,12.9853,5.01038,3.80E-02,35.8182
101.5,12.9831,5.00716,3.63E-02,35.8179
102,12.9808,5.00779,3.47E-02,35.8175
102.5,12.9783,5.00689,3.31E-02,35.8171
103,12.9757,5.01006,3.16E-02,35.8167
103.5,12.973,5.01314,3.01E-02,35.8163
104,12.9703,5.01567,2.86E-02,35.8159
104.5,12.9675,5.01449,2.71E-02,35.8154
105,12.9643,5.01151,2.55E-02,35.815
105.5,12.9615,5.00495,2.40E-02,35.8145
106,12.9588,5.0026,2.27E-02,35.8141
106.5,12.9563,5.00368,2.15E-02,35.8137
107,12.9538,5.0071,2.04E-02,35.8133
107.5,12.9512,5.01029,1.92E-02,35.8128
108,12.9479,5.01332,1.80E-02,35.8123
108.5,12.9432,5.01553,1.64E-02,35.8116
109,12.9363,5.01829,1.43E-02,35.8107
109.5,12.9296,5.02066,1.25E-02,35.8097
110,12.9244,5.02087,1.12E-02,35.8089
110.5,12.9201,5.01414,1.01E-02,35.8083
111,12.9167,5.00821,9.14E-03,35.8077
111.5,12.9135,5.00461,8.30E-03,35.8072
112,12.9105,5.00358,7.55E-03,35.8067
112.5,12.9076,5.00636,6.79E-03,35.8062
113,12.9045,5.00955,6.00E-03,35.8057
113.5,12.9017,5.00854,5.21E-03,35.8052
114,12.8989,5.00661,4.43E-03,35.8049
114.5,12.8961,5.0059,3.58E-03,35.8044
115,12.8933,5.00582,2.73E-03,35.8041
115.5,12.891,5.00761,1.98E-03,35.8037
116,12.8886,5.00978,1.26E-03,35.8034
116.5,12.8863,5.01119,6.66E-04,35.8032
117,12.8842,5.01129,3.08E-04,35.803
117.5,12.8826,5.00901,1.32E-04,35.8028
118,12.8814,5.00582,5.87E-05,35.8026
118.5,12.8803,5.0073,2.76E-05,35.8024
119,12.879,5.00898,1.01E-05,35.8022
119.5,12.8774,5.01103,4.18E-06,35.8019
120,12.8754,5.01227,6.04E-07,35.8016
120.5,12.8734,5.01166,-1.19E-08,35.8013
121,12.871,5.01178,-7.57E-11,35.801
121.5,12.8684,5.01134,-4.44E-12,35.8006
122,12.8654,5.01106,1.35E-12,35.8002
122.5,12.8621,5.00939,9.96E-13,35.7998
123,12.8583,5.01017,1.00E-12,35.7993
123.5,12.8544,5.00893,1.00E-12,35.7986
124,12.8507,5.00902,1.00E-12,35.7981
124.5,12.8471,5.00914,1.00E-12,35.7976
125,12.8431,5.01312,1.00E-12,35.797
125.5,12.8391,5.01761,1.00E-12,35.7964
126,12.8351,5.01879,1.00E-12,35.7958
126.5,12.8313,5.0172,1.00E-12,35.7952
127,12.8282,5.01685,1.00E-12,35.7947
127.5,12.8255,5.01522,1.00E-12,35.7942
128,12.823,5.01247,1.00E-12,35.7938
128.5,12.8205,5.01061,1.00E-12,35.7933
129,12.8179,5.00839,1.00E-12,35.7929
129.5,12.8149,5.00649,1.00E-12,35.7924
130,12.8122,5.00529,1.00E-12,35.7919
130.5,12.8091,5.00779,1.00E-12,35.7914
131,12.8057,5.00814,1.00E-12,35.791
131.5,12.8027,5.00785,1.00E-12,35.7905
132,12.7993,5.00585,1.00E-12,35.79
132.5,12.7964,5.00596,1.00E-12,35.7896
133,12.7938,5.00487,1.00E-12,35.7892
133.5,12.7913,5.00125,1.00E-12,35.7888
134,12.7886,4.99956,1.00E-12,35.7885
134.5,12.7863,4.99759,1.00E-12,35.7882
135,12.7838,4.99885,1.00E-12,35.7877
135.5,12.7805,4.99846,1.00E-12,35.7872
136,12.7771,4.99828,1.00E-12,35.7867
136.5,12.774,4.99931,1.00E-12,35.7863
137,12.7707,4.99969,1.00E-12,35.7858
137.5,12.767,4.99783,1.00E-12,35.7852
138,12.7633,4.99619,1.00E-12,35.7846
138.5,12.7599,4.99659,1.00E-12,35.784
139,12.7565,4.99643,1.00E-12,35.7835
139.5,12.7526,4.99856,1.00E-12,35.7828
140,12.747,4.99612,1.00E-12,35.782
140.5,12.7404,4.99486,1.00E-12,35.7812
141,12.7334,4.99947,1.00E-12,35.7802
141.5,12.7271,5.00467,1.00E-12,35.7793
142,12.7226,5.01263,1.00E-12,35.7787
142.5,12.7196,5.01334,1.00E-12,35.7782
143,12.7171,5.01557,1.00E-12,35.7778
143.5,12.715,5.01545,1.00E-12,35.7774
144,12.7128,5.01304,1.00E-12,35.777
144.5,12.7106,5.00857,1.00E-12,35.7766
145,12.7083,5.00291,1.00E-12,35.7762
145.5,12.7057,4.99837,1.00E-12,35.7757
146,12.7029,4.99597,1.00E-12,35.7753
146.5,12.7001,4.99647,1.00E-12,35.7749
147,12.6973,4.99726,1.00E-12,35.7745
147.5,12.6944,4.99803,1.00E-12,35.774
148,12.6911,4.9985,1.00E-12,35.7735
148.5,12.6869,4.99592,1.00E-12,35.7731
149,12.6838,4.99542,1.00E-12,35.7727
149.5,12.6818,4.99818,1.00E-12,35.7724
150,12.6802,5.00201,1.00E-12,35.7722
150.5,12.6785,5.00576,1.00E-12,35.772
151,12.6771,5.00601,1.00E-12,35.7717
151.5,12.6758,4.99997,1.00E-12,35.7715
152,12.6747,4.99325,1.00E-12,35.7713
152.5,12.6737,4.98924,1.00E-12,35.7711
153,12.6726,4.99005,1.00E-12,35.7709
153.5,12.6715,4.9887,1.00E-12,35.7707
154,12.6702,4.99239,1.00E-12,35.7705
154.5,12.6688,4.99451,1.00E-12,35.7702
155,12.6674,4.99504,1.00E-12,35.77
155.5,12.6658,4.99713,1.00E-12,35.7698
156,12.6639,4.99631,1.00E-12,35.7695
156.5,12.6618,4.99638,1.00E-12,35.7692
157,12.6594,4.99645,1.00E-12,35.7689
157.5,12.6551,5.00119,1.00E-12,35.7684
158,12.6494,5.00823,1.00E-12,35.7677
158.5,12.6446,5.00423,1.00E-12,35.7671
159,12.641,4.99589,1.00E-12,35.7666
159.5,12.6382,4.99215,1.00E-12,35.766
160,12.6358,4.99303,1.00E-12,35.7656
160.5,12.6334,4.99268,1.00E-12,35.7652
161,12.6311,4.99426,1.00E-12,35.7648
161.5,12.6287,4.99453,1.00E-12,35.7644
162,12.626,4.98993,1.00E-12,35.764
162.5,12.6234,4.98608,1.00E-12,35.7636
163,12.621,4.98482,1.00E-12,35.7633
163.5,12.6191,4.98488,1.00E-12,35.7629
164,12.6172,4.98864,1.00E-12,35.7627
164.5,12.6154,4.98761,1.00E-12,35.7625
165,12.6143,4.9921,1.00E-12,35.7623
165.5,12.6136,4.99373,1.00E-12,35.7623
166,12.613,4.99128,1.00E-12,35.7622
166.5,12.6126,4.99364,1.00E-12,35.7621
167,12.6121,4.99103,1.00E-12,35.762
167.5,12.6116,4.99491,1.00E-12,35.7619
168,12.6109,4.99719,1.00E-12,35.7617
168.5,12.6101,4.9931,1.00E-12,35.7616
169,12.6093,4.99337,1.00E-12,35.7615
169.5,12.6084,4.99585,1.00E-12,35.7615
170,12.6077,4.99351,1.00E-12,35.7613
170.5,12.6069,4.99284,1.00E-12,35.7611
171,12.6062,4.99354,1.00E-12,35.761
171.5,12.6054,4.99363,1.00E-12,35.7609
172,12.6045,4.99693,1.00E-12,35.7607
172.5,12.6034,4.99599,1.00E-12,35.7606
173,12.6021,4.99779,1.00E-12,35.7605
173.5,12.6009,4.99484,1.00E-12,35.7604
174,12.6001,4.99631,1.00E-12,35.7602
174.5,12.5991,4.99928,1.00E-12,35.7601
175,12.5984,4.99616,1.00E-12,35.76
175.5,12.5976,4.99674,1.00E-12,35.7599
176,12.597,5.00042,1.00E-12,35.7598
176.5,12.5965,5.00297,1.00E-12,35.7596
177,12.596,4.99825,1.00E-12,35.7595
177.5,12.5956,4.99684,1.00E-12,35.7594
178,12.5952,4.99684,1.00E-12,35.7593
178.5,12.5948,4.99962,1.00E-12,35.7593
179,12.5945,4.99904,1.00E-12,35.7592
179.5,12.5942,4.99892,1.00E-12,35.7591
180,12.5938,4.99963,1.00E-12,35.7591
180.5,12.5935,5.00075,1.00E-12,35.7592
181,12.5933,4.99957,1.00E-12,35.7592
181.5,12.5931,4.9974,1.00E-12,35.7591
182,12.593,4.99694,1.00E-12,35.7591
182.5,12.5927,4.99627,1.00E-12,35.759
183,12.5925,4.99929,1.00E-12,35.7589
183.5,12.5921,5.00051,1.00E-12,35.7589
184,12.5916,5.00073,1.00E-12,35.7588
184.5,12.5912,5.00161,1.00E-12,35.7587
185,12.5906,5.00284,1.00E-12,35.7587
185.5,12.5902,5.00141,1.00E-12,35.7585
186,12.5897,4.99846,1.00E-12,35.7584
186.5,12.5892,4.99937,1.00E-12,35.7582
187,12.5886,5.00051,1.00E-12,35.7581
187.5,12.5877,5.00121,1.00E-12,35.758
188,12.5865,5.00054,1.00E-12,35.7578
188.5,12.5846,5.00393,1.00E-12,35.7576
189,12.5823,5.00178,1.00E-12,35.7574
189.5,12.5803,4.99815,1.00E-12,35.7571
190,12.5785,4.99326,1.00E-12,35.7568
190.5,12.5769,4.99286,1.00E-12,35.7565
191,12.5753,4.99329,1.00E-12,35.7561
191.5,12.5736,4.99223,1.00E-12,35.7558
192,12.5719,4.99439,1.00E-12,35.7555
192.5,12.5698,4.99625,1.00E-12,35.7552
193,12.5674,4.99979,1.00E-12,35.7548
193.5,12.5651,4.99352,1.00E-12,35.7545
194,12.5631,4.98422,1.00E-12,35.7541
194.5,12.5613,4.97933,1.00E-12,35.7538
195,12.5598,4.97849,1.00E-12,35.7535
195.5,12.5582,4.97887,1.00E-12,35.7533
196,12.5564,4.97915,1.00E-12,35.753
196.5,12.5543,4.98243,1.00E-12,35.7527
197,12.5522,4.98444,1.00E-12,35.7526
197.5,12.5501,4.984,1.00E-12,35.7523
198,12.5483,4.98674,1.00E-12,35.7521
198.5,12.5464,4.98944,1.00E-12,35.7519
199,12.5446,4.98982,1.00E-12,35.7516
199.5,12.5425,4.99222,1.00E-12,35.7513
200,12.5402,4.99323,1.00E-12,35.751
200.5,12.5377,4.99559,1.00E-12,35.7507
201,12.535,4.99718,1.00E-12,35.7503
201.5,12.5327,4.99709,1.00E-12,35.7499
202,12.53,4.9954,1.00E-12,35.7495
202.5,12.5269,4.99386,1.00E-12,35.7491
203,12.5238,4.99176,1.00E-12,35.7487
203.5,12.5206,4.9899,1.00E-12,35.7483
204,12.5175,4.98838,1.00E-12,35.7478
204.5,12.5135,4.9887,1.00E-12,35.7474
205,12.5093,4.98582,1.00E-12,35.7469
205.5,12.5054,4.98407,1.00E-12,35.7464
206,12.502,4.98474,1.00E-12,35.746
206.5,12.4995,4.98695,1.00E-12,35.7457
207,12.4972,4.98954,1.00E-12,35.7454
207.5,12.4954,4.98831,1.00E-12,35.745
208,12.4938,4.99032,1.00E-12,35.7448
208.5,12.492,4.98909,1.00E-12,35.7445
209,12.4903,4.98431,1.00E-12,35.7443
209.5,12.4886,4.9838,1.00E-12,35.744
210,12.4867,4.98271,1.00E-12,35.7437
210.5,12.4845,4.98463,1.00E-12,35.7434
211,12.4824,4.98348,1.00E-12,35.743
211.5,12.48,4.98197,1.00E-12,35.7427
212,12.4774,4.98129,1.00E-12,35.7424
212.5,12.4749,4.98079,1.00E-12,35.7421
213,12.4726,4.98062,1.00E-12,35.7418
213.5,12.4704,4.98323,1.00E-12,35.7416
214,12.4682,4.98673,1.00E-12,35.7413
214.5,12.4658,4.98911,1.00E-12,35.7409
215,12.4633,4.99049,1.00E-12,35.7406
215.5,12.4608,4.98981,1.00E-12,35.7403
216,12.4587,4.98803,1.00E-12,35.7399
216.5,12.4566,4.98613,1.00E-12,35.7396
217,12.4546,4.98109,1.00E-12,35.7393
217.5,12.4526,4.97626,1.00E-12,35.739
218,12.4507,4.97266,1.00E-12,35.7386
218.5,12.4486,4.96961,1.00E-12,35.7383
219,12.4458,4.96728,1.00E-12,35.738
219.5,12.4424,4.96522,1.00E-12,35.7377
220,12.4395,4.9615,1.00E-12,35.7373
220.5,12.4376,4.95958,1.00E-12,35.7371
221,12.4362,4.95636,1.00E-12,35.737
221.5,12.4351,4.95806,1.00E-12,35.7368
222,12.434,4.9562,1.00E-12,35.7366
222.5,12.4328,4.95249,1.00E-12,35.7365
223,12.4317,4.95225,1.00E-12,35.7363
223.5,12.4305,4.95251,1.00E-12,35.7362
224,12.4292,4.95185,1.00E-12,35.736
224.5,12.4278,4.9475,1.00E-12,35.7358
225,12.4262,4.94243,1.00E-12,35.7355
225.5,12.4244,4.93751,1.00E-12,35.7353
226,12.4225,4.93299,1.00E-12,35.735
226.5,12.4206,4.93044,1.00E-12,35.7348
227,12.4187,4.93016,1.00E-12,35.7345
227.5,12.417,4.93076,1.00E-12,35.7343
228,12.415,4.92832,1.00E-12,35.734
228.5,12.4129,4.92487,1.00E-12,35.7337
229,12.4111,4.92398,1.00E-12,35.7335
229.5,12.4097,4.92572,1.00E-12,35.7333
230,12.4084,4.92811,1.00E-12,35.733
230.5,12.4073,4.93353,1.00E-12,35.7328
231,12.4063,4.93755,1.00E-12,35.7326
231.5,12.4054,4.9417,1.00E-12,35.7325
232,12.4044,4.94399,1.00E-12,35.7324
232.5,12.4033,4.9467,1.00E-12,35.7322
233,12.402,4.95129,1.00E-12,35.7321
233.5,12.4008,4.95409,1.00E-12,35.732
234,12.3993,4.95504,1.00E-12,35.7318
234.5,12.3979,4.95447,1.00E-12,35.7316
235,12.3967,4.95141,1.00E-12,35.7315
235.5,12.3955,4.94742,1.00E-12,35.7313
236,12.3941,4.94349,1.00E-12,35.7311
236.5,12.3929,4.9423,1.00E-12,35.731
237,12.3916,4.94071,1.00E-12,35.7308
237.5,12.3902,4.93706,1.00E-12,35.7306
238,12.3888,4.93479,1.00E-12,35.7304
238.5,12.3874,4.93384,1.00E-12,35.7302
239,12.386,4.93128,1.00E-12,35.7299
239.5,12.3845,4.93279,1.00E-12,35.7297
240,12.383,4.93169,1.00E-12,35.7295
240.5,12.3812,4.92997,1.00E-12,35.7292
241,12.3791,4.92783,1.00E-12,35.729
241.5,12.3766,4.9204,1.00E-12,35.7287
242,12.3741,4.91432,1.00E-12,35.7284
242.5,12.3717,4.9096,1.00E-12,35.728
243,12.3689,4.90453,1.00E-12,35.7276
243.5,12.3647,4.8968,1.00E-12,35.727
244,12.3597,4.89607,1.00E-12,35.7264
244.5,12.3545,4.89811,1.00E-12,35.7257
245,12.3491,4.90056,1.00E-12,35.7249
245.5,12.3435,4.90143,1.00E-12,35.7241
246,12.3388,4.89625,1.00E-12,35.7234
246.5,12.334,4.89484,1.00E-12,35.7227
247,12.329,4.8972,1.00E-12,35.722
247.5,12.3241,4.89847,1.00E-12,35.7213
248,12.3195,4.90082,1.00E-12,35.7205
248.5,12.3149,4.904,1.00E-12,35.7198
249,12.3096,4.9094,1.00E-12,35.719
249.5,12.3041,4.91688,1.00E-12,35.7183
250,12.2979,4.91993,1.00E-12,35.7174
250.5,12.2915,4.92491,1.00E-12,35.7166
251,12.2861,4.92979,1.00E-12,35.716
251.5,12.2822,4.93093,1.00E-12,35.7155
252,12.2794,4.93224,1.00E-12,35.7151
252.5,12.2771,4.93601,1.00E-12,35.7148
253,12.2748,4.94014,1.00E-12,35.7145
253.5,12.2725,4.94247,1.00E-12,35.7141
254,12.2702,4.94405,1.00E-12,35.7137
254.5,12.2673,4.94518,1.00E-12,35.7134
255,12.2643,4.94974,1.00E-12,35.713
255.5,12.2612,4.95234,1.00E-12,35.7126
256,12.2583,4.95526,1.00E-12,35.7121
256.5,12.2554,4.95572,1.00E-12,35.7117
257,12.2521,4.95417,1.00E-12,35.7113
257.5,12.2488,4.95015,1.00E-12,35.7108
258,12.2455,4.94647,1.00E-12,35.7103
258.5,12.2429,4.94629,1.00E-12,35.7099
259,12.2405,4.94482,1.00E-12,35.7095
259.5,12.2379,4.94749,1.00E-12,35.7091
260,12.2346,4.95205,1.00E-12,35.7087
260.5,12.2316,4.95157,1.00E-12,35.7083
261,12.2288,4.94798,1.00E-12,35.708
261.5,12.2268,4.94628,1.00E-12,35.7078
262,12.2251,4.94765,1.00E-12,35.7074
262.5,12.2233,4.95174,1.00E-12,35.7071
263,12.2217,4.95189,1.00E-12,35.7069
263.5,12.2197,4.95177,1.00E-12,35.7066
264,12.2174,4.95307,1.00E-12,35.7063
264.5,12.215,4.95368,1.00E-12,35.7061
265,12.2124,4.95381,1.00E-12,35.7059
265.5,12.2096,4.949,1.00E-12,35.7056
266,12.2071,4.94602,1.00E-12,35.7054
266.5,12.2043,4.94834,1.00E-12,35.7051
267,12.2009,4.95024,1.00E-12,35.7048
267.5,12.1971,4.95472,1.00E-12,35.7045
268,12.1933,4.95903,1.00E-12,35.7042
268.5,12.1893,4.96414,1.00E-12,35.7039
269,12.1856,4.96532,1.00E-12,35.7036
269.5,12.1821,4.96995,1.00E-12,35.7033
270,12.1787,4.97352,1.00E-12,35.703
270.5,12.1756,4.97861,1.00E-12,35.7027
271,12.1728,4.98057,1.00E-12,35.7024
271.5,12.17,4.97876,1.00E-12,35.7021
272,12.1676,4.9734,1.00E-12,35.7018
272.5,12.1658,4.97115,1.00E-12,35.7016
273,12.1645,4.9704,1.00E-12,35.7013
273.5,12.1631,4.97345,1.00E-12,35.7012
274,12.162,4.97458,1.00E-12,35.701
274.5,12.161,4.9792,1.00E-12,35.7009
275,12.1602,4.98124,1.00E-12,35.7009
275.5,12.1596,4.98164,1.00E-12,35.7008
276,12.159,4.98113,1.00E-12,35.7007
276.5,12.1586,4.97774,1.00E-12,35.7006
277,12.1581,4.97845,1.00E-12,35.7005
277.5,12.1576,4.97665,1.00E-12,35.7004
278,12.1569,4.97786,1.00E-12,35.7003
278.5,12.1563,4.97975,1.00E-12,35.7002
279,12.1557,4.98165,1.00E-12,35.7002
279.5,12.1551,4.97937,1.00E-12,35.7001
280,12.1546,4.97834,1.00E-12,35.7
280.5,12.1542,4.97456,1.00E-12,35.6999
281,12.1535,4.97112,1.00E-12,35.6998
281.5,12.1524,4.96929,1.00E-12,35.6996
282,12.1506,4.97057,1.00E-12,35.6993
282.5,12.1483,4.97464,1.00E-12,35.6989
283,12.1455,4.97663,1.00E-12,35.6984
283.5,12.1422,4.97564,1.00E-12,35.6978
284,12.1383,4.97189,1.00E-12,35.6972
284.5,12.1346,4.96705,1.00E-12,35.6965
285,12.1306,4.96636,1.00E-12,35.6957
285.5,12.1261,4.9634,1.00E-12,35.6949
286,12.121,4.95852,1.00E-12,35.694
286.5,12.1149,4.95336,1.00E-12,35.693
287,12.1066,4.9451,1.00E-12,35.6916
287.5,12.0987,4.93161,1.00E-12,35.6903
288,12.0909,4.91851,1.00E-12,35.689
288.5,12.0826,4.90905,1.00E-12,35.6877
289,12.074,4.89999,1.00E-12,35.6863
289.5,12.0643,4.89474,1.00E-12,35.6849
290,12.0539,4.89069,1.00E-12,35.6833
290.5,12.0467,4.88716,1.00E-12,35.6823
291,12.0409,4.8839,1.00E-12,35.6813
291.5,12.0373,4.87766,1.00E-12,35.6807
292,12.0341,4.87315,1.00E-12,35.6803
292.5,12.0314,4.86722,1.00E-12,35.6798
293,12.0287,4.86198,1.00E-12,35.6794
293.5,12.0262,4.85915,1.00E-12,35.679
294,12.0236,4.85682,1.00E-12,35.6787
294.5,12.021,4.8536,1.00E-12,35.6783
295,12.0189,4.8511,1.00E-12,35.6781
295.5,12.0168,4.85167,1.00E-12,35.6778
296,12.0144,4.8532,1.00E-12,35.6775
296.5,12.0122,4.85319,1.00E-12,35.6772
297,12.01,4.85613,1.00E-12,35.677
297.5,12.0081,4.85864,1.00E-12,35.6768
298,12.0061,4.85724,1.00E-12,35.6765
298.5,12.0041,4.85506,1.00E-12,35.6763
299,12.0023,4.85019,1.00E-12,35.6761
299.5,12.0008,4.84573,1.00E-12,35.6759
300,11.9996,4.84567,1.00E-12,35.6757
300.5,11.9984,4.84489,1.00E-12,35.6755
301,11.9974,4.8444,1.00E-12,35.6753
301.5,11.9964,4.84859,1.00E-12,35.6751
302,11.9953,4.84777,1.00E-12,35.6749
302.5,11.9939,4.84792,1.00E-12,35.6747
303,11.9918,4.84807,1.00E-12,35.6745
303.5,11.987,4.85293,1.00E-12,35.6741
304,11.9825,4.85528,1.00E-12,35.6736
304.5,11.9794,4.85131,1.00E-12,35.6731
305,11.9765,4.85052,1.00E-12,35.6728
305.5,11.9737,4.84884,1.00E-12,35.6723
306,11.9708,4.84825,1.00E-12,35.6719
306.5,11.9674,4.84849,1.00E-12,35.6714
307,11.9634,4.84785,1.00E-12,35.6708
307.5,11.9589,4.84477,1.00E-12,35.6703
308,11.9541,4.84024,1.00E-12,35.6697
308.5,11.9494,4.83532,1.00E-12,35.6692
309,11.9456,4.82995,1.00E-12,35.6687
309.5,11.9421,4.82654,1.00E-12,35.6682
310,11.9384,4.82541,1.00E-12,35.6678
310.5,11.9345,4.82881,1.00E-12,35.6674
311,11.9302,4.82905,1.00E-12,35.667
311.5,11.9271,4.82575,1.00E-12,35.6667
312,11.9245,4.82039,1.00E-12,35.6664
312.5,11.9223,4.8172,1.00E-12,35.6662
313,11.9202,4.81742,1.00E-12,35.6659
313.5,11.918,4.81756,1.00E-12,35.6657
314,11.9157,4.82,1.00E-12,35.6655
314.5,11.9134,4.81961,1.00E-12,35.6652
315,11.9105,4.81956,1.00E-12,35.665
315.5,11.9073,4.81866,1.00E-12,35.6647
316,11.9041,4.81805,1.00E-12,35.6644
316.5,11.9007,4.81365,1.00E-12,35.6641
317,11.8972,4.81165,1.00E-12,35.6638
317.5,11.894,4.80989,1.00E-12,35.6635
318,11.8904,4.8098,1.00E-12,35.6632
318.5,11.8864,4.80833,1.00E-12,35.6629
319,11.8828,4.80508,1.00E-12,35.6627
319.5,11.8805,4.80177,1.00E-12,35.6627
320,11.8793,4.80044,1.00E-12,35.663
320.5,11.8791,4.79821,1.00E-12,35.6635
321,11.8798,4.79405,1.00E-12,35.6641
321.5,11.8813,4.79142,1.00E-12,35.6649
322,11.8834,4.78927,1.00E-12,35.6658
322.5,11.8858,4.7866,1.00E-12,35.6669
323,11.8888,4.7839,1.00E-12,35.6679
323.5,11.8925,4.78177,1.00E-12,35.6693
324,11.8974,4.77957,1.00E-12,35.6711
324.5,11.9033,4.77471,1.00E-12,35.6733
325,11.9085,4.77053,1.00E-12,35.6752
325.5,11.9129,4.76493,1.00E-12,35.6768
326,11.9159,4.75928,1.00E-12,35.6779
326.5,11.9181,4.76,1.00E-12,35.6787
327,11.9196,4.75572,1.00E-12,35.6793
327.5,11.9206,4.75157,1.00E-12,35.6797
328,11.9212,4.74851,1.00E-12,35.68
328.5,11.9216,4.74266,1.00E-12,35.6803
329,11.9218,4.74145,1.00E-12,35.6805
329.5,11.9218,4.73808,1.00E-12,35.6807
330,11.9216,4.73939,1.00E-12,35.6809
330.5,11.9209,4.74301,1.00E-12,35.6812
331,11.9196,4.74265,1.00E-12,35.6811
331.5,11.9172,4.74271,1.00E-12,35.6808
332,11.9139,4.74667,1.00E-12,35.6802
332.5,11.9098,4.74343,1.00E-12,35.6795
333,11.9056,4.7434,1.00E-12,35.6787
333.5,11.9008,4.74189,1.00E-12,35.6778
334,11.8956,4.74042,1.00E-12,35.6768
334.5,11.8901,4.73877,1.00E-12,35.6758
335,11.8843,4.73479,1.00E-12,35.6746
335.5,11.879,4.73762,1.00E-12,35.6735
336,11.8732,4.74101,1.00E-12,35.6723
336.5,11.867,4.73987,1.00E-12,35.671
337,11.8578,4.74541,1.00E-12,35.6692
337.5,11.8453,4.7443,1.00E-12,35.6668
338,11.8308,4.75017,1.00E-12,35.6641
338.5,11.8207,4.74839,1.00E-12,35.6621
339,11.8139,4.74949,1.00E-12,35.6609
339.5,11.8078,4.74982,1.00E-12,35.6598
340,11.8021,4.75061,1.00E-12,35.6589
340.5,11.7976,4.75245,1.00E-12,35.6581
341,11.7929,4.74503,1.00E-12,35.6575
341.5,11.7887,4.73701,1.00E-12,35.6569
342,11.7846,4.72989,1.00E-12,35.6565
342.5,11.7811,4.72522,1.00E-12,35.6562
343,11.7784,4.7242,1.00E-12,35.6559
343.5,11.7758,4.72287,1.00E-12,35.6557
344,11.7732,4.72007,1.00E-12,35.6556
344.5,11.77,4.71981,1.00E-12,35.6556
345,11.7661,4.72052,1.00E-12,35.6561
345.5,11.7631,4.71503,1.00E-12,35.657
346,11.7621,4.71182,1.00E-12,35.6577
346.5,11.7616,4.70808,1.00E-12,35.6586
347,11.7614,4.70205,1.00E-12,35.6595
347.5,11.7614,4.69967,1.00E-12,35.6601
348,11.7616,4.69478,1.00E-12,35.6609
348.5,11.7619,4.68891,1.00E-12,35.6618
349,11.7623,4.68668,1.00E-12,35.6626
349.5,11.7629,4.683,1.00E-12,35.6634
350,11.7635,4.679,1.00E-12,35.6642
350.5,11.7643,4.67457,1.00E-12,35.6651
351,11.7652,4.6693,1.00E-12,35.6659
351.5,11.7662,4.66426,1.00E-12,35.6668
352,11.7676,4.66276,1.00E-12,35.6679
352.5,11.7687,4.66006,1.00E-12,35.6687
353,11.7699,4.65248,1.00E-12,35.6695
353.5,11.7708,4.64864,1.00E-12,35.6701
354,11.7714,4.64849,1.00E-12,35.6705
354.5,11.7721,4.6488,1.00E-12,35.6707
355,11.7728,4.65062,1.00E-12,35.6711
355.5,11.7738,4.653,1.00E-12,35.6715
356,11.7752,4.65139,1.00E-12,35.6719
356.5,11.7769,4.64965,1.00E-12,35.6725
357,11.7785,4.64775,1.00E-12,35.6731
357.5,11.7801,4.64738,1.00E-12,35.6736
358,11.7818,4.64701,1.00E-12,35.6741
358.5,11.7835,4.64496,1.00E-12,35.6746
359,11.7853,4.64505,1.00E-12,35.6752
359.5,11.7874,4.64239,1.00E-12,35.6759
360,11.7894,4.6422,1.00E-12,35.6768
360.5,11.7915,4.64176,1.00E-12,35.6776
361,11.7932,4.64359,1.00E-12,35.6785
361.5,11.7947,4.64226,1.00E-12,35.6795
362,11.7958,4.63904,1.00E-12,35.6807
362.5,11.796,4.63715,1.00E-12,35.6818
363,11.7952,4.63123,1.00E-12,35.6828
363.5,11.794,4.62851,1.00E-12,35.6834
364,11.7924,4.62496,1.00E-12,35.6838
364.5,11.7904,4.62067,1.00E-12,35.6842
365,11.7885,4.61743,1.00E-12,35.6844
365.5,11.7864,4.61473,1.00E-12,35.6845
366,11.784,4.61351,1.00E-12,35.6847
366.5,11.7813,4.61266,1.00E-12,35.6847
367,11.7779,4.61233,1.00E-12,35.6848
367.5,11.7743,4.61189,1.00E-12,35.6848
368,11.7697,4.61022,1.00E-12,35.6848
368.5,11.7654,4.607,1.00E-12,35.6848
369,11.761,4.60104,1.00E-12,35.6847
369.5,11.7563,4.59523,1.00E-12,35.6847
370,11.7522,4.59266,1.00E-12,35.6846
370.5,11.7486,4.59003,1.00E-12,35.6845
371,11.7446,4.58478,1.00E-12,35.6844
371.5,11.7401,4.5803,1.00E-12,35.6843
372,11.7359,4.57741,1.00E-12,35.6843
372.5,11.7318,4.575,1.00E-12,35.6842
373,11.728,4.5764,1.00E-12,35.6841
373.5,11.7249,4.57613,1.00E-12,35.6839
374,11.722,4.57089,1.00E-12,35.6838
374.5,11.7192,4.56724,1.00E-12,35.6837
375,11.7164,4.56622,1.00E-12,35.6835
375.5,11.7137,4.56558,1.00E-12,35.6834
376,11.7105,4.56419,1.00E-12,35.6831
376.5,11.7064,4.56275,1.00E-12,35.6828
377,11.7008,4.56036,1.00E-12,35.6822
377.5,11.6938,4.56286,1.00E-12,35.6814
378,11.6857,4.55951,1.00E-12,35.6804
378.5,11.6776,4.55171,1.00E-12,35.6793
379,11.6674,4.54706,1.00E-12,35.6778
379.5,11.6563,4.54182,1.00E-12,35.6761
380,11.6426,4.53724,1.00E-12,35.6742
380.5,11.6277,4.53301,1.00E-12,35.672
381,11.615,4.52758,1.00E-12,35.67
381.5,11.6072,4.52144,1.00E-12,35.6689
382,11.6006,4.51858,1.00E-12,35.6679
382.5,11.5955,4.5136,1.00E-12,35.6673
383,11.5915,4.51091,1.00E-12,35.6668
383.5,11.5885,4.51089,1.00E-12,35.6665
384,11.5868,4.50863,1.00E-12,35.6664
384.5,11.5857,4.50751,1.00E-12,35.6665
385,11.5851,4.50489,1.00E-12,35.667
385.5,11.5852,4.501,1.00E-12,35.6675
386,11.5859,4.49807,1.00E-12,35.6682
386.5,11.5868,4.49392,1.00E-12,35.6689
387,11.5877,4.49006,1.00E-12,35.6694
387.5,11.5886,4.4884,1.00E-12,35.67
388,11.5897,4.48765,1.00E-12,35.6706
388.5,11.5907,4.48709,1.00E-12,35.6715
389,11.5918,4.48853,1.00E-12,35.6725
389.5,11.5925,4.48546,1.00E-12,35.6737
390,11.5924,4.48066,1.00E-12,35.6746
390.5,11.5919,4.48203,1.00E-12,35.6752
391,11.5909,4.4843,1.00E-12,35.6758
391.5,11.5895,4.48343,1.00E-12,35.6762
392,11.5875,4.47968,1.00E-12,35.6765
392.5,11.5848,4.47755,1.00E-12,35.6769
393,11.5815,4.47407,1.00E-12,35.6772
393.5,11.5778,4.47139,1.00E-12,35.6774
394,11.5728,4.46473,1.00E-12,35.6777
394.5,11.5657,4.45706,1.00E-12,35.6784
395,11.5566,4.45049,1.00E-12,35.6794
395.5,11.5515,4.44341,1.00E-12,35.68
396,11.5489,4.43991,1.00E-12,35.6803
396.5,11.5469,4.43455,1.00E-12,35.6805
397,11.5453,4.43001,1.00E-12,35.6807
397.5,11.544,4.42826,1.00E-12,35.6809
398,11.5432,4.42398,1.00E-12,35.6811
398.5,11.5425,4.42581,1.00E-12,35.6813
399,11.5419,4.42664,1.00E-12,35.6815
399.5,11.5416,4.4273,1.00E-12,35.6817
400,11.5413,4.42594,1.00E-12,35.682
400.5,11.5413,4.42129,1.00E-12,35.6824
401,11.5414,4.4157,1.00E-12,35.6828
401.5,11.5417,4.4152,1.00E-12,35.6833
402,11.5422,4.41899,1.00E-12,35.6838
402.5,11.5426,4.41727,1.00E-12,35.6842
403,11.5431,4.41727,1.00E-12,35.6847
403.5,11.5437,4.41784,1.00E-12,35.6853
404,11.5442,4.41567,1.00E-12,35.6859
404.5,11.5446,4.41596,1.00E-12,35.6863
405,11.5449,4.41474,1.00E-12,35.6868
405.5,11.5452,4.41704,1.00E-12,35.6872
406,11.5456,4.41328,1.00E-12,35.6876
406.5,11.5458,4.41138,1.00E-12,35.688
407,11.5462,4.40784,1.00E-12,35.6886
407.5,11.5465,4.40396,1.00E-12,35.6892
408,11.5467,4.40474,1.00E-12,35.6896
408.5,11.5468,4.40195,1.00E-12,35.69
409,11.547,4.39818,1.00E-12,35.6904
409.5,11.5473,4.40051,1.00E-12,35.6907
410,11.5475,4.40221,1.00E-12,35.6911
410.5,11.5478,4.40275,1.00E-12,35.6913
411,11.5482,4.40275,1.00E-12,35.6917
411.5,11.5485,4.40273,1.00E-12,35.6919
412,11.5485,4.40394,1.00E-12,35.6922
412.5,11.5479,4.40198,1.00E-12,35.6923
413,11.5467,4.4055,1.00E-12,35.6924
413.5,11.5444,4.40549,1.00E-12,35.6923
414,11.5412,4.40324,1.00E-12,35.6923
414.5,11.5378,4.39873,1.00E-12,35.6921
415,11.5345,4.39527,1.00E-12,35.6919
415.5,11.5317,4.39457,1.00E-12,35.6917
416,11.5292,4.38991,1.00E-12,35.6916
416.5,11.5267,4.38607,1.00E-12,35.6914
417,11.5239,4.38152,1.00E-12,35.6913
417.5,11.5204,4.37582,1.00E-12,35.6913
418,11.5166,4.36848,1.00E-12,35.6917
418.5,11.5138,4.36652,1.00E-12,35.6929
419,11.5133,4.36632,1.00E-12,35.6941
419.5,11.5133,4.3659,1.00E-12,35.6951
420,11.5133,4.36569,1.00E-12,35.6959
420.5,11.5132,4.36316,1.00E-12,35.6966
421,11.5128,4.36137,1.00E-12,35.6975
421.5,11.5122,4.35619,1.00E-12,35.6983
422,11.5115,4.35436,1.00E-12,35.699
422.5,11.5106,4.35036,1.00E-12,35.6997
423,11.5096,4.34731,1.00E-12,35.7005
423.5,11.5085,4.34343,1.00E-12,35.7015
424,11.5074,4.34003,1.00E-12,35.7028
424.5,11.5066,4.33587,1.00E-12,35.7041
425,11.506,4.33191,1.00E-12,35.7054
425.5,11.5055,4.3279,1.00E-12,35.7066
426,11.5051,4.32077,1.00E-12,35.7078
426.5,11.5047,4.3197,1.00E-12,35.7092
427,11.504,4.31597,1.00E-12,35.7108
427.5,11.5022,4.31367,1.00E-12,35.7141
428,11.4998,4.31169,1.00E-12,35.717
428.5,11.4974,4.30714,1.00E-12,35.7193
429,11.4954,4.30231,1.00E-12,35.7209
429.5,11.4933,4.29611,1.00E-12,35.7223
430,11.4916,4.28948,1.00E-12,35.7233
430.5,11.49,4.28564,1.00E-12,35.7243
431,11.4883,4.28015,1.00E-12,35.7252
431.5,11.4867,4.27548,1.00E-12,35.726
432,11.4851,4.27255,1.00E-12,35.7271
432.5,11.4835,4.26723,1.00E-12,35.7281
433,11.4816,4.26011,1.00E-12,35.7297
433.5,11.4804,4.25375,1.00E-12,35.7314
434,11.4803,4.25035,1.00E-12,35.7325
434.5,11.4807,4.24729,1.00E-12,35.7333
435,11.4812,4.24761,1.00E-12,35.7337
435.5,11.4815,4.24722,1.00E-12,35.7341
436,11.4818,4.24834,1.00E-12,35.7344
436.5,11.482,4.24679,1.00E-12,35.7346
437,11.482,4.24553,1.00E-12,35.7349
437.5,11.4819,4.24378,1.00E-12,35.7352
438,11.4817,4.24246,1.00E-12,35.7356
438.5,11.4814,4.23832,1.00E-12,35.7362
439,11.4812,4.23377,1.00E-12,35.7368
439.5,11.4811,4.2316,1.00E-12,35.7375
440,11.4809,4.23319,1.00E-12,35.7381
440.5,11.4808,4.23364,1.00E-12,35.7387
441,11.4806,4.23168,1.00E-12,35.7392
441.5,11.4804,4.23221,1.00E-12,35.7397
442,11.4802,4.22823,1.00E-12,35.7402
442.5,11.4799,4.22656,1.00E-12,35.7408
443,11.4799,4.22583,1.00E-12,35.7415
443.5,11.4799,4.22567,1.00E-12,35.7423
444,11.4802,4.2268,1.00E-12,35.7429
444.5,11.4805,4.22523,1.00E-12,35.7435
445,11.4809,4.22534,1.00E-12,35.7441
445.5,11.4815,4.22625,1.00E-12,35.7448
446,11.4822,4.2246,1.00E-12,35.7454
446.5,11.4834,4.22545,1.00E-12,35.7463
447,11.4853,4.22001,1.00E-12,35.7474
447.5,11.4875,4.21394,1.00E-12,35.7485
448,11.4895,4.20937,1.00E-12,35.7494
448.5,11.4913,4.20653,1.00E-12,35.7503
449,11.4931,4.2065,1.00E-12,35.751
449.5,11.4948,4.20687,1.00E-12,35.7518
450,11.4965,4.20397,1.00E-12,35.7528
450.5,11.4984,4.20439,1.00E-12,35.7541
451,11.5008,4.2009,1.00E-12,35.7558
451.5,11.5031,4.19644,1.00E-12,35.758
452,11.5048,4.19632,1.00E-12,35.7597
452.5,11.5064,4.19537,1.00E-12,35.7617
453,11.5078,4.19427,1.00E-12,35.7644
453.5,11.5087,4.19388,1.00E-12,35.7668
454,11.509,4.19125,1.00E-12,35.7679
454.5,11.5093,4.18818,1.00E-12,35.7688
455,11.5096,4.18654,1.00E-12,35.7695
455.5,11.5098,4.18491,1.00E-12,35.7703
456,11.51,4.18527,1.00E-12,35.771
456.5,11.5103,4.18318,1.00E-12,35.7716
457,11.5106,4.18451,1.00E-12,35.7724
457.5,11.511,4.18568,1.00E-12,35.7733
458,11.5115,4.18202,1.00E-12,35.7748
458.5,11.5119,4.17759,1.00E-12,35.7768
459,11.5123,4.17392,1.00E-12,35.7784
459.5,11.5126,4.16943,1.00E-12,35.7797
460,11.5129,4.16514,1.00E-12,35.7809
460.5,11.5133,4.16186,1.00E-12,35.7822
461,11.5136,4.16051,1.00E-12,35.7833
461.5,11.5138,4.15972,1.00E-12,35.7842
462,11.5141,4.1586,1.00E-12,35.7849
462.5,11.5142,4.15883,1.00E-12,35.7856
463,11.5144,4.15718,1.00E-12,35.7861
463.5,11.5145,4.15827,1.00E-12,35.7865
464,11.5145,4.158,1.00E-12,35.787
464.5,11.5146,4.15858,1.00E-12,35.7874
465,11.5145,4.16002,1.00E-12,35.7878
465.5,11.5145,4.15831,1.00E-12,35.788
466,11.5144,4.15731,1.00E-12,35.7881
466.5,11.5144,4.15854,1.00E-12,35.7882
467,11.5142,4.15864,1.00E-12,35.7884
467.5,11.5141,4.16031,1.00E-12,35.7886
468,11.514,4.15839,1.00E-12,35.7887
468.5,11.514,4.15795,1.00E-12,35.7887
469,11.5139,4.15689,1.00E-12,35.7888
469.5,11.5139,4.15737,1.00E-12,35.7889
470,11.5138,4.15537,1.00E-12,35.789
470.5,11.5138,4.15595,1.00E-12,35.7891
471,11.5138,4.15536,1.00E-12,35.7892
471.5,11.5137,4.15564,1.00E-12,35.7893
472,11.5137,4.15522,1.00E-12,35.7895
472.5,11.5137,4.15468,1.00E-12,35.7896
473,11.5139,4.15791,1.00E-12,35.7897
473.5,11.5143,4.16254,1.00E-12,35.7897
474,11.5144,4.16709,1.00E-12,35.7896
474.5,11.5145,4.16694,1.00E-12,35.7895
475,11.5147,4.16568,1.00E-12,35.7893
475.5,11.5148,4.15705,1.00E-12,35.7892
476,11.515,4.15099,1.00E-12,35.789
476.5,11.5152,4.14546,1.00E-12,35.7889
477,11.5154,4.14486,1.00E-12,35.7887
477.5,11.5155,4.1463,1.00E-12,35.7886
478,11.5155,4.15002,1.00E-12,35.7886
478.5,11.515,4.15884,1.00E-12,35.7894
479,11.5145,4.16354,1.00E-12,35.7897
479.5,11.5142,4.16554,1.00E-12,35.7899
480,11.5139,4.16582,1.00E-12,35.79
480.5,11.5136,4.15815,1.00E-12,35.7902
481,11.5133,4.14967,1.00E-12,35.7903
481.5,11.513,4.14275,1.00E-12,35.7904
482,11.5127,4.13897,1.00E-12,35.7906
482.5,11.5124,4.13995,1.00E-12,35.7907
483,11.5121,4.14093,1.00E-12,35.7909
483.5,11.5119,4.14406,1.00E-12,35.7911
484,11.5117,4.14495,1.00E-12,35.7915
484.5,11.5116,4.14779,1.00E-12,35.7917
485,11.5115,4.15308,1.00E-12,35.7919
485.5,11.5115,4.1531,1.00E-12,35.7919
486,11.5115,4.1555,1.00E-12,35.7919
486.5,11.5115,4.15414,1.00E-12,35.7919
487,11.5115,4.15182,1.00E-12,35.792
487.5,11.5115,4.1485,1.00E-12,35.7921
488,11.5115,4.1472,1.00E-12,35.7922
488.5,11.5115,4.14586,1.00E-12,35.7923
489,11.5115,4.14508,1.00E-12,35.7924
489.5,11.5115,4.14532,1.00E-12,35.7925
490,11.5115,4.14646,1.00E-12,35.793
490.5,11.5117,4.14597,1.00E-12,35.7939
491,11.5124,4.1456,1.00E-12,35.7952
491.5,11.5133,4.14453,1.00E-12,35.7965
492,11.5143,4.14366,1.00E-12,35.7978
492.5,11.5154,4.14442,1.00E-12,35.7992
493,11.5167,4.14563,1.00E-12,35.8007
493.5,11.5183,4.14436,1.00E-12,35.8025
494,11.5205,4.14293,1.00E-12,35.8049
494.5,11.523,4.13703,1.00E-12,35.8077
495,11.5253,4.13463,1.00E-12,35.8099
495.5,11.5272,4.12668,1.00E-12,35.8117
496,11.5293,4.12683,1.00E-12,35.8138
496.5,11.5318,4.12695,1.00E-12,35.8159
497,11.5342,4.12813,1.00E-12,35.8182
497.5,11.5366,4.126,1.00E-12,35.8207
498,11.5381,4.12163,1.00E-12,35.8227
498.5,11.5392,4.11856,1.00E-12,35.8243
499,11.54,4.11574,1.00E-12,35.8256
499.5,11.5408,4.11601,1.00E-12,35.8269
500,11.5414,4.11417,1.00E-12,35.8279
500.5,11.5419,4.10916,1.00E-12,35.829
501,11.5423,4.10284,1.00E-12,35.8299
501.5,11.5428,4.09885,1.00E-12,35.8309
502,11.5432,4.10006,1.00E-12,35.8318
502.5,11.5436,4.10016,1.00E-12,35.8329
503,11.5441,4.09756,1.00E-12,35.8344
503.5,11.5445,4.09344,1.00E-12,35.8353
504,11.5448,4.09413,1.00E-12,35.8358
504.5,11.5452,4.09512,1.00E-12,35.8365
505,11.5454,4.09418,1.00E-12,35.8369
505.5,11.5457,4.09278,1.00E-12,35.8375
506,11.546,4.0924,1.00E-12,35.8381
506.5,11.5462,4.09257,1.00E-12,35.8386
507,11.5465,4.09337,1.00E-12,35.8391
507.5,11.5466,4.09229,1.00E-12,35.8398
508,11.5468,4.09224,1.00E-12,35.8404
508.5,11.5471,4.09198,1.00E-12,35.8412
509,11.5474,4.08959,1.00E-12,35.8423
509.5,11.5475,4.08816,1.00E-12,35.8435
510,11.5473,4.09095,1.00E-12,35.8445
510.5,11.5467,4.09133,1.00E-12,35.8453
511,11.5457,4.09194,1.00E-12,35.8459
511.5,11.5446,4.08939,1.00E-12,35.8462
512,11.5436,4.08723,1.00E-12,35.8463
512.5,11.5425,4.08547,1.00E-12,35.8464
513,11.5413,4.08568,1.00E-12,35.8463
513.5,11.54,4.08423,1.00E-12,35.8463
514,11.5387,4.08181,1.00E-12,35.8462
514.5,11.5372,4.08226,1.00E-12,35.8461
515,11.5352,4.08071,1.00E-12,35.846
515.5,11.5332,4.07838,1.00E-12,35.8461
516,11.5347,4.08218,1.00E-12,35.8505
516.5,11.5368,4.08303,1.00E-12,35.8521
517,11.5385,4.08202,1.00E-12,35.8532
517.5,11.5402,4.07788,1.00E-12,35.8543
518,11.542,4.07485,1.00E-12,35.8554
518.5,11.544,4.07128,1.00E-12,35.8567
519,11.5462,4.07176,1.00E-12,35.8578
519.5,11.5482,4.06835,1.00E-12,35.8591
520,11.5507,4.06803,1.00E-12,35.8605
520.5,11.5539,4.065,1.00E-12,35.8624
521,11.558,4.06335,1.00E-12,35.8647
521.5,11.5619,4.05936,1.00E-12,35.8669
522,11.5635,4.06303,1.00E-12,35.8678
522.5,11.5648,4.06509,1.00E-12,35.8685
523,11.5659,4.06504,1.00E-12,35.8692
523.5,11.5668,4.06156,1.00E-12,35.8699
524,11.5678,4.05779,1.00E-12,35.8705
524.5,11.5685,4.0565,1.00E-12,35.8711
525,11.5694,4.05633,1.00E-12,35.8716
525.5,11.5701,4.05765,1.00E-12,35.8722
526,11.571,4.05773,1.00E-12,35.8728
526.5,11.572,4.05704,1.00E-12,35.8736
527,11.5729,4.05808,1.00E-12,35.8743
527.5,11.574,4.0588,1.00E-12,35.8752
528,11.5749,4.06141,1.00E-12,35.8759
528.5,11.5762,4.06708,1.00E-12,35.8771
529,11.5773,4.06993,1.00E-12,35.8781
529.5,11.5782,4.06953,1.00E-12,35.879
530,11.5789,4.06641,1.00E-12,35.8795
530.5,11.5795,4.06689,1.00E-12,35.88
531,11.5801,4.06487,1.00E-12,35.8805
531.5,11.5808,4.06328,1.00E-12,35.881
532,11.5816,4.06183,1.00E-12,35.8816
532.5,11.5824,4.06084,1.00E-12,35.8822
533,11.5834,4.05918,1.00E-12,35.883
533.5,11.5846,4.05593,1.00E-12,35.884
534,11.5863,4.05469,1.00E-12,35.8855
534.5,11.5881,4.05598,1.00E-12,35.8871
535,11.5892,4.05872,1.00E-12,35.8881
535.5,11.5903,4.05844,1.00E-12,35.8891
536,11.5912,4.05919,1.00E-12,35.8901
536.5,11.592,4.05876,1.00E-12,35.8908
537,11.5927,4.05675,1.00E-12,35.8915
537.5,11.5935,4.05538,1.00E-12,35.8923
538,11.5945,4.05377,1.00E-12,35.8933
538.5,11.5953,4.05069,1.00E-12,35.8941
539,11.5964,4.04739,1.00E-12,35.8951
539.5,11.5981,4.04666,1.00E-12,35.897
540,11.5999,4.04722,1.00E-12,35.8989
540.5,11.6016,4.04869,1.00E-12,35.9008
541,11.6033,4.0497,1.00E-12,35.9025
541.5,11.6049,4.04996,1.00E-12,35.9041
542,11.6061,4.04797,1.00E-12,35.9054
542.5,11.607,4.048,1.00E-12,35.9062
543,11.6078,4.04683,1.00E-12,35.9068
543.5,11.6085,4.04503,1.00E-12,35.9074
544,11.6091,4.04391,1.00E-12,35.908
544.5,11.6098,4.04441,1.00E-12,35.9086
545,11.6104,4.04593,1.00E-12,35.9092
545.5,11.6112,4.04292,1.00E-12,35.9098
546,11.6119,4.03965,1.00E-12,35.9105
546.5,11.6129,4.0345,1.00E-12,35.9113
547,11.6139,4.03467,1.00E-12,35.9124
547.5,11.6158,4.03686,1.00E-12,35.9142
548,11.6184,4.04003,1.00E-12,35.9169
548.5,11.6211,4.03891,1.00E-12,35.9196
549,11.6231,4.03888,1.00E-12,35.9216
549.5,11.6248,4.03949,1.00E-12,35.9233
550,11.6265,4.03701,1.00E-12,35.9248
550.5,11.628,4.0351,1.00E-12,35.9263
551,11.6295,4.03401,1.00E-12,35.9277
551.5,11.6312,4.03177,1.00E-12,35.9293
552,11.6329,4.03129,1.00E-12,35.9309
552.5,11.6347,4.0291,1.00E-12,35.9326
553,11.6366,4.0263,1.00E-12,35.9345
553.5,11.6381,4.02744,1.00E-12,35.936
554,11.6393,4.02919,1.00E-12,35.9371
554.5,11.64,4.02777,1.00E-12,35.9377
555,11.6404,4.02592,1.00E-12,35.9381
555.5,11.6407,4.02722,1.00E-12,35.9383
556,11.641,4.02739,1.00E-12,35.9385
556.5,11.6412,4.02765,1.00E-12,35.9387
557,11.6416,4.02518,1.00E-12,35.9389
557.5,11.6419,4.02422,1.00E-12,35.9392
558,11.6423,4.02445,1.00E-12,35.9395
558.5,11.6428,4.02305,1.00E-12,35.9399
559,11.6434,4.02434,1.00E-12,35.9404
559.5,11.6442,4.02226,1.00E-12,35.9411
560,11.6453,4.0193,1.00E-12,35.9423
560.5,11.6465,4.01708,1.00E-12,35.9436
561,11.6478,4.0193,1.00E-12,35.9449
561.5,11.649,4.02153,1.00E-12,35.9463
562,11.65,4.02418,1.00E-12,35.9473
562.5,11.6509,4.02306,1.00E-12,35.9482
563,11.6518,4.02486,1.00E-12,35.9492
563.5,11.6526,4.01906,1.00E-12,35.95
564,11.6534,4.01956,1.00E-12,35.9508
564.5,11.6541,4.01754,1.00E-12,35.9514
565,11.6549,4.01547,1.00E-12,35.9521
565.5,11.6557,4.01738,1.00E-12,35.953
566,11.6567,4.01758,1.00E-12,35.954
566.5,11.6578,4.01689,1.00E-12,35.9552
567,11.659,4.01322,1.00E-12,35.9565
567.5,11.6599,4.01092,1.00E-12,35.9575
568,11.6606,4.01066,1.00E-12,35.9582
568.5,11.661,4.0102,1.00E-12,35.9586
569,11.6615,4.01298,1.00E-12,35.9589
569.5,11.6619,4.01279,1.00E-12,35.9592
570,11.6624,4.01234,1.00E-12,35.9595
570.5,11.6628,4.01408,1.00E-12,35.9598
571,11.6633,4.01301,1.00E-12,35.96
571.5,11.6638,4.01509,1.00E-12,35.9603
572,11.6643,4.01488,1.00E-12,35.9606
572.5,11.6647,4.01446,1.00E-12,35.9607
573,11.6651,4.01218,1.00E-12,35.9609
573.5,11.6657,4.0107,1.00E-12,35.9612
574,11.6663,4.01354,1.00E-12,35.9616
574.5,11.6668,4.01281,1.00E-12,35.962
575,11.6672,4.01198,1.00E-12,35.9623
575.5,11.6675,4.01133,1.00E-12,35.9626
576,11.668,4.01344,1.00E-12,35.9631
576.5,11.6686,4.01431,1.00E-12,35.9636
577,11.669,4.01425,1.00E-12,35.9641
577.5,11.6695,4.01299,1.00E-12,35.9645
578,11.6698,4.00971,1.00E-12,35.9647
578.5,11.6701,4.00796,1.00E-12,35.965
579,11.6705,4.00475,1.00E-12,35.9652
579.5,11.6708,4.00425,1.00E-12,35.9655
580,11.6713,4.00107,1.00E-12,35.9659
580.5,11.6718,3.99987,1.00E-12,35.9665
581,11.6726,4.0017,1.00E-12,35.9673
581.5,11.6729,4.00789,1.00E-12,35.9676
582,11.6731,4.00879,1.00E-12,35.9677
582.5,11.6732,4.01044,1.00E-12,35.9677
583,11.6734,4.00568,1.00E-12,35.9677
583.5,11.6735,4.00401,1.00E-12,35.9677
584,11.6737,4.00281,1.00E-12,35.9677
584.5,11.6739,4.0009,1.00E-12,35.9678
585,11.6741,3.99928,1.00E-12,35.9678
585.5,11.6743,4.00059,1.00E-12,35.9678
586,11.6745,4.00084,1.00E-12,35.9679
586.5,11.6748,4.00071,1.00E-12,35.9683
587,11.6751,4.0009,1.00E-12,35.9685
587.5,11.6753,3.99978,1.00E-12,35.9687
588,11.6755,3.99643,1.00E-12,35.9688
588.5,11.6757,3.99618,1.00E-12,35.9689
589,11.6758,3.99506,1.00E-12,35.9689
589.5,11.676,3.99465,1.00E-12,35.9688
590,11.6765,3.99631,1.00E-12,35.9686
